CIF,Formula,Structure Type,tcsp_center_label,tcsp_center,tcsp_prism_formula,tcsp_caps_formula,tctp_1_center,tctp_1_count,tctp_1_prism_formula,tctp_1_cap_formula,tctp_2_center,tctp_2_count,tctp_2_prism_formula,tctp_2_cap_formula,tctp_3_center,tctp_3_count,tctp_3_prism_formula,tctp_3_cap_formula
1629135.cif,CuMg4Y,"Mg4CuTb,oS48,65",Mg1,Mg,Mg6Y2,Mg3Cu,Cu,1,Y4Mg2,Mg3,,,,,,,,
1629135.cif,CuMg4Y,"Mg4CuTb,oS48,65",Mg5,Mg,Mg6Y2,Mg3Cu,Cu,1,Y4Mg2,Mg3,,,,,,,,
1629135.cif,CuMg4Y,"Mg4CuTb,oS48,65",Mg3,Mg,Y8,Cu4,Cu,4,Y4Mg2,Mg3,,,,,,,,
1622981.cif,CuMg4Tb,"Mg4CuTb,oS48,65",Mg4,Mg,Mg6Tb2,Mg3Cu,Cu,1,Tb4Mg2,Mg3,,,,,,,,
1622981.cif,CuMg4Tb,"Mg4CuTb,oS48,65",Mg8,Mg,Mg6Tb2,Mg3Cu,Cu,1,Tb4Mg2,Mg3,,,,,,,,
1622981.cif,CuMg4Tb,"Mg4CuTb,oS48,65",Mg6,Mg,Tb8,Cu4,Cu,4,Tb4Mg2,Mg3,,,,,,,,
1629335.cif,CuMg4Y,"Mg4CuTb,oS48,65",Mg1,Mg,Mg6Y2,Mg3Cu,Cu,1,Y4Mg2,Mg3,,,,,,,,
1629335.cif,CuMg4Y,"Mg4CuTb,oS48,65",Mg2,Mg,Mg6Y2,Mg3Cu,Cu,1,Y4Mg2,Mg3,,,,,,,,
1629335.cif,CuMg4Y,"Mg4CuTb,oS48,65",Mg5,Mg,Y8,Cu4,Cu,4,Y4Mg2,Mg3,,,,,,,,
1642163.cif,Ge4InRhTb4,"Tb4RhInGe4,mS40,12",Rh,Rh,Tb4Ge2Rh2,Ge2Tb2,Ge,1,Tb4Rh2,GeRhTb,Ge,1,Tb6,GeInRh,,,,
1642163.cif,Ge4InRhTb4,"Tb4RhInGe4,mS40,12",Tb1,Tb,Ge4Rh2Tb2,Ge2Tb2,Ge,1,Tb6,GeInTb,Ge,1,Tb4Rh2,GeRhTb,,,,
1642163.cif,Ge4InRhTb4,"Tb4RhInGe4,mS40,12",In1,In,Tb8,Ge4,Ge,2,Tb6,GeInTb,Ge,2,Tb6,In2Ge,,,,
1642163.cif,Ge4InRhTb4,"Tb4RhInGe4,mS40,12",In2,In,Tb8,Ge4,Ge,2,Tb6,GeInRh,Ge,2,Tb6,In2Ge,,,,
1642166.cif,Er4Ge4InRh,"Tb4RhInGe4,mS40,12",Rh1,Rh,Er4Ge2Rh2,Er2Ge2,Ge,1,Er4Rh2,ErGeRh,Ge,1,Er6,GeInRh,,,,
1642166.cif,Er4Ge4InRh,"Tb4RhInGe4,mS40,12",Er1,Er,Ge4Er2Rh2,Er2Ge2,Ge,1,Er6,ErGeIn,Ge,1,Er4Rh2,ErGeRh,,,,
1642166.cif,Er4Ge4InRh,"Tb4RhInGe4,mS40,12",Ge4,Ge,Er4Ge2Rh2,Er2GeRh,Ge,1,Er6,In2Ge,,,,,,,,
1642166.cif,Er4Ge4InRh,"Tb4RhInGe4,mS40,12",In1,In,Er8,Ge4,Ge,2,Er6,ErGeIn,Ge,2,Er6,In2Ge,,,,
1642166.cif,Er4Ge4InRh,"Tb4RhInGe4,mS40,12",In2,In,Er8,Ge4,Ge,2,Er6,GeInRh,Ge,2,Er6,In2Ge,,,,
1642165.cif,Ge4Ho4InRh,"Tb4RhInGe4,mS40,12",Rh1,Rh,Ho4Ge2Rh2,Ge2Ho2,Ge,1,Ho4Rh2,GeHoRh,Ge,1,Ho6,GeInRh,,,,
1642165.cif,Ge4Ho4InRh,"Tb4RhInGe4,mS40,12",Ho1,Ho,Ge4Ho2Rh2,Ge2Ho2,Ge,1,Ho6,GeHoIn,Ge,1,Ho4Rh2,GeHoRh,,,,
1642165.cif,Ge4Ho4InRh,"Tb4RhInGe4,mS40,12",Ge4,Ge,Ho4Ge2Rh2,Ho2GeRh,Ge,1,Ho6,In2Ge,,,,,,,,
1642165.cif,Ge4Ho4InRh,"Tb4RhInGe4,mS40,12",In1,In,Ho8,Ge4,Ge,2,Ho6,GeHoIn,Ge,2,Ho6,In2Ge,,,,
1642165.cif,Ge4Ho4InRh,"Tb4RhInGe4,mS40,12",In2,In,Ho8,Ge4,Ge,2,Ho6,GeInRh,Ge,2,Ho6,In2Ge,,,,
1642164.cif,Dy4Ge4InRh,"Tb4RhInGe4,mS40,12",Rh1,Rh,Dy4Ge2Rh2,Dy2Ge2,Ge,1,Dy4Rh2,DyGeRh,Ge,1,Dy6,GeInRh,,,,
1642164.cif,Dy4Ge4InRh,"Tb4RhInGe4,mS40,12",Dy1,Dy,Ge4Dy2Rh2,Dy2Ge2,Ge,1,Dy6,DyGeIn,Ge,1,Dy4Rh2,DyGeRh,,,,
1642164.cif,Dy4Ge4InRh,"Tb4RhInGe4,mS40,12",Ge4,Ge,Dy4Ge2Rh2,Dy2GeRh,Ge,1,Dy6,In2Ge,,,,,,,,
1642164.cif,Dy4Ge4InRh,"Tb4RhInGe4,mS40,12",In1,In,Dy8,Ge4,Ge,2,Dy6,DyGeIn,Ge,2,Dy6,In2Ge,,,,
1642164.cif,Dy4Ge4InRh,"Tb4RhInGe4,mS40,12",In2,In,Dy8,Ge4,Ge,2,Dy6,GeInRh,Ge,2,Dy6,In2Ge,,,,
1606187.cif,Ir2SnU2,"Mo2FeB2,tP10,127",Sn,Sn,U8,Ir4,Ir,4,U6,Sn2Ir,,,,,,,,
1606183.cif,Co2SnU2,"Mo2FeB2,tP10,127",Sn,Sn,U8,Co4,Co,4,U6,Sn2Co,,,,,,,,
1934019.cif,CdGe2Pr2,"Mo2FeB2,tP10,127",Cd,Cd,Pr8,Ge4,Ge,4,Pr6,Cd2Ge,,,,,,,,
1907507.cif,MgPd2Tb2,"Mo2FeB2,tP10,127",Mg,Mg,Tb8,Pd4,Pd,4,Tb6,Mg2Pd,,,,,,,,
1020187.cif,InNd2Pd2,"Mo2FeB2,tP10,127",In,In,Nd8,Pd4,Pd,4,Nd6,In2Pd,,,,,,,,
1628738.cif,Ga2MgSc2,"Mo2FeB2,tP10,127",Mg1,Mg,Sc8,Ga4,Ga,4,Sc6,Mg2Ga,,,,,,,,
1409769.cif,Am2Pd2Sn,"Mo2FeB2,tP10,127",Sn,Sn,Am8,Pd4,Pd,4,Am6,Sn2Pd,,,,,,,,
1415462.cif,Cu2MgNd2,"Mo2FeB2,tP10,127",Mg,Mg,Nd8,Cu4,Cu,4,Nd6,Mg2Cu,,,,,,,,
1631720.cif,Fe2SnU2,"Mo2FeB2,tP10,127",Sn,Sn,U8,Fe4,Fe,4,U6,Sn2Fe,,,,,,,,
1415615.cif,Co2InZr2,"Mo2FeB2,tP10,127",In,In,Zr8,Co4,Co,4,Zr6,In2Co,,,,,,,,
1630085.cif,InNi2Y2,"Mo2FeB2,tP10,127",In,In,Y8,Ni4,Ni,4,Y6,In2Ni,,,,,,,,
461148.cif,AlCo2U2,"Mo2FeB2,tP10,127",Al,Al,U8,Co4,Co,4,U6,Al2Co,,,,,,,,
1042475.cif,MgPd2Tb2,"Mo2FeB2,tP10,127",Mg,Mg,Tb8,Pd4,Pd,4,Tb6,Mg2Pd,,,,,,,,
1415452.cif,Ce2Cu2Mg,"Mo2FeB2,tP10,127",Mg,Mg,Ce8,Cu4,Cu,4,Ce6,Mg2Cu,,,,,,,,
1630084.cif,InNi2Tb2,"Mo2FeB2,tP10,127",In,In,Tb8,Ni4,Ni,4,Tb6,In2Ni,,,,,,,,
1409766.cif,Pd2Pu2Sn,"Mo2FeB2,tP10,127",Sn,Sn,Pu8,Pd4,Pd,4,Pu6,Sn2Pd,,,,,,,,
1606156.cif,Pd2SnU2,"Mo2FeB2,tP10,127",Sn,Sn,U8,Pd4,Pd,4,U6,Sn2Pd,,,,,,,,
1049153.cif,Er2Ni2Sn,"Mo2FeB2,tP10,127",Sn,Sn,Er8,Ni4,Ni,4,Er6,Sn2Ni,,,,,,,,
311975.cif,InNi2U2,"Mo2FeB2,tP10,127",In,In,U8,Ni4,Ni,4,U6,In2Ni,,,,,,,,
1959557.cif,InPd2Yb2,"Mo2FeB2,tP10,127",In,In,Yb8,Pd4,Pd,4,Yb6,In2Pd,,,,,,,,
1225491.cif,Er2Ge2Mg,"Mo2FeB2,tP10,127",Mg,Mg,Er8,Ge4,Ge,4,Er6,Mg2Ge,,,,,,,,
1236949.cif,Ca2Ge2Sn,"Mo2FeB2,tP10,127",Sn,Sn,Ca8,Ge4,Ge,4,Ca6,Sn2Ge,,,,,,,,
1232089.cif,InRh2U2,"Mo2FeB2,tP10,127",In,In,U8,Rh4,Rh,4,U6,In2Rh,,,,,,,,
1638912.cif,InNi2U2,"Mo2FeB2,tP10,127",In,In,U8,Ni4,Ni,4,U6,In2Ni,,,,,,,,
1727980.cif,Ce2PbPt2,"Mo2FeB2,tP10,127",Pb,Pb,Ce8,Pt4,Pt,4,Ce6,Pb2Pt,,,,,,,,
1803469.cif,Ce2InPd2,"Mo2FeB2,tP10,127",In,In,Ce8,Pd4,Pd,4,Ce6,In2Pd,,,,,,,,
1420859.cif,AlDy2Ge2,"Mo2FeB2,tP10,127",Al,Al,Dy8,Ge4,Ge,4,Dy6,Al2Ge,,,,,,,,
1321526.cif,Ge2InYb2,"Mo2FeB2,tP10,127",In,In,Yb8,Ge4,Ge,4,Yb6,In2Ge,,,,,,,,
1023675.cif,InNi2Zr2,"Mo2FeB2,tP10,127",In,In,Zr8,Ni4,Ni,4,Zr6,In2Ni,,,,,,,,
1225489.cif,Dy2Ge2Mg,"Mo2FeB2,tP10,127",Mg,Mg,Dy8,Ge4,Ge,4,Dy6,Mg2Ge,,,,,,,,
1142351.cif,Er2Ni2Sn,"Mo2FeB2,tP10,127",Sn,Sn,Er8,Ni4,Ni,4,Er6,Sn2Ni,,,,,,,,
1225485.cif,Ge2La2Mg,"Mo2FeB2,tP10,127",Mg,Mg,La8,Ge4,Ge,4,La6,Mg2Ge,,,,,,,,
1407287.cif,Ce2MgSi2,"Mo2FeB2,tP10,127",Mg,Mg,Ce8,Si4,Si,4,Ce6,Mg2Si,,,,,,,,
1803473.cif,Gd2InPd2,"Mo2FeB2,tP10,127",In,In,Gd8,Pd4,Pd,4,Gd6,In2Pd,,,,,,,,
1814133.cif,CdNd2Ni2,"Mo2FeB2,tP10,127",Cd,Cd,Nd8,Ni4,Ni,4,Nd6,Cd2Ni,,,,,,,,
1803475.cif,Dy2InPd2,"Mo2FeB2,tP10,127",In,In,Dy8,Pd4,Pd,4,Dy6,In2Pd,,,,,,,,
1703535.cif,MgNi2Pr2,"Mo2FeB2,tP10,127",Mg,Mg,Pr8,Ni4,Ni,4,Pr6,Mg2Ni,,,,,,,,
1606184.cif,Ni2SnU2,"Mo2FeB2,tP10,127",Sn,Sn,U8,Ni4,Ni,4,U6,Sn2Ni,,,,,,,,
1934027.cif,CdGe2Tm2,"Mo2FeB2,tP10,127",Cd,Cd,Tm8,Ge4,Ge,4,Tm6,Cd2Ge,,,,,,,,
1013425.cif,Ce2InRh2,"Mo2FeB2,tP10,127",In,In,Ce8,Rh4,Rh,4,Ce6,In2Rh,,,,,,,,
1415461.cif,Cu2La2Mg,"Mo2FeB2,tP10,127",Mg,Mg,La8,Cu4,Cu,4,La6,Mg2Cu,,,,,,,,
1409762.cif,InPd2Pu2,"Mo2FeB2,tP10,127",In,In,Pu8,Pd4,Pd,4,Pu6,In2Pd,,,,,,,,
1217906.cif,CdPd2Yb2,"Mo2FeB2,tP10,127",Cd,Cd,Yb8,Pd4,Pd,4,Yb6,Cd2Pd,,,,,,,,
1322075.cif,Ce2Ge2In,"Mo2FeB2,tP10,127",In,In,Ce8,Ge4,Ge,4,Ce6,In2Ge,,,,,,,,
1409768.cif,Am2Ni2Sn,"Mo2FeB2,tP10,127",Sn,Sn,Am8,Ni4,Ni,4,Am6,Sn2Ni,,,,,,,,
1934024.cif,CdDy2Ge2,"Mo2FeB2,tP10,127",Cd,Cd,Dy8,Ge4,Ge,4,Dy6,Cd2Ge,,,,,,,,
1120461.cif,Ce2PbPd2,"Mo2FeB2,tP10,127",Pb,Pb,Ce8,Pd4,Pd,4,Ce6,Pb2Pd,,,,,,,,
1321522.cif,Gd2Ge2In,"Mo2FeB2,tP10,127",In,In,Gd8,Ge4,Ge,4,Gd6,In2Ge,,,,,,,,
1232090.cif,InPd2U2,"Mo2FeB2,tP10,127",In,In,U8,Pd4,Pd,4,U6,In2Pd,,,,,,,,
1321524.cif,Dy2Ge2In,"Mo2FeB2,tP10,127",In,In,Dy8,Ge4,Ge,4,Dy6,In2Ge,,,,,,,,
1803472.cif,InPd2Sm2,"Mo2FeB2,tP10,127",In,In,Sm8,Pd4,Pd,4,Sm6,In2Pd,,,,,,,,
1906702.cif,Ge2InPr2,"Mo2FeB2,tP10,127",In,In,Pr8,Ge4,Ge,4,Pr6,In2Ge,,,,,,,,
1944188.cif,Dy2Ni2Sn,"Mo2FeB2,tP10,127",Sn,Sn,Dy8,Ni4,Ni,4,Dy6,Sn2Ni,,,,,,,,
1967058.cif,Cu2InTm2,"Mo2FeB2,tP10,127",In,In,Tm8,Cu4,Cu,4,Tm6,In2Cu,,,,,,,,
1934023.cif,CdGe2Tb2,"Mo2FeB2,tP10,127",Cd,Cd,Tb8,Ge4,Ge,4,Tb6,Cd2Ge,,,,,,,,
1217899.cif,CdPd2Sm2,"Mo2FeB2,tP10,127",Cd,Cd,Sm8,Pd4,Pd,4,Sm6,Cd2Pd,,,,,,,,
1120460.cif,La2PbPd2,"Mo2FeB2,tP10,127",Pb,Pb,La8,Pd4,Pd,4,La6,Pb2Pd,,,,,,,,
1148176.cif,InPr2Pt2,"Mo2FeB2,tP10,127",In,In,Pr8,Pt4,Pt,4,Pr6,In2Pt,,,,,,,,
1606178.cif,InNi2U2,"Mo2FeB2,tP10,127",In,In,U8,Ni4,Ni,4,U6,In2Ni,,,,,,,,
1120462.cif,PbPd2Pr2,"Mo2FeB2,tP10,127",Pb,Pb,Pr8,Pd4,Pd,4,Pr6,Pb2Pd,,,,,,,,
1234603.cif,Cu2Gd2In,"Mo2FeB2,tP10,127",In,In,Gd8,Cu4,Cu,4,Gd6,In2Cu,,,,,,,,
1611320.cif,Nd2ScSi2,"Mo2FeB2,tP10,127",Sc,Sc,Nd8,Si4,Si,4,Nd6,Sc2Si,,,,,,,,
1944187.cif,Ni2SnTb2,"Mo2FeB2,tP10,127",Sn,Sn,Tb8,Ni4,Ni,4,Tb6,Sn2Ni,,,,,,,,
1013428.cif,Ce2InPd2,"Mo2FeB2,tP10,127",In,In,Ce8,Pd4,Pd,4,Ce6,In2Pd,,,,,,,,
1638913.cif,InPd2U2,"Mo2FeB2,tP10,127",In,In,U8,Pd4,Pd,4,U6,In2Pd,,,,,,,,
1934018.cif,CdGe2Y2,"Mo2FeB2,tP10,127",Cd,Cd,Y8,Ge4,Ge,4,Y6,Cd2Ge,,,,,,,,
1615400.cif,Gd2Ge2Mg,"Mo2FeB2,tP10,127",Mg,Mg,Gd8,Ge4,Ge,4,Gd6,Mg2Ge,,,,,,,,
1218201.cif,Gd2Ge2In,"Mo2FeB2,tP10,127",In,In,Gd8,Ge4,Ge,4,Gd6,In2Ge,,,,,,,,
1120468.cif,Ho2PbPd2,"Mo2FeB2,tP10,127",Pb,Pb,Ho8,Pd4,Pd,4,Ho6,Pb2Pd,,,,,,,,
1120470.cif,PbPd2Tm2,"Mo2FeB2,tP10,127",Pb,Pb,Tm8,Pd4,Pd,4,Tm6,Pb2Pd,,,,,,,,
1321525.cif,Ge2Ho2In,"Mo2FeB2,tP10,127",In,In,Ho8,Ge4,Ge,4,Ho6,In2Ge,,,,,,,,
1006781.cif,Ni2SnZr2,"Mo2FeB2,tP10,127",Sn,Sn,Zr8,Ni4,Ni,4,Zr6,Sn2Ni,,,,,,,,
1217898.cif,CdPd2Pr2,"Mo2FeB2,tP10,127",Cd,Cd,Pr8,Pd4,Pd,4,Pr6,Cd2Pd,,,,,,,,
1022362.cif,Er2Ni2Sn,"Mo2FeB2,tP10,127",Sn,Sn,Er8,Ni4,Ni,4,Er6,Sn2Ni,,,,,,,,
1803479.cif,InPd2Yb2,"Mo2FeB2,tP10,127",In,In,Yb8,Pd4,Pd,4,Yb6,In2Pd,,,,,,,,
551922.cif,Ni2Sc2Sn,"Mo2FeB2,tP10,127",Sn,Sn,Sc8,Ni4,Ni,4,Sc6,Sn2Ni,,,,,,,,
1022361.cif,Ho2Ni2Sn,"Mo2FeB2,tP10,127",Sn,Sn,Ho8,Ni4,Ni,4,Ho6,Sn2Ni,,,,,,,,
311976.cif,InPd2U2,"Mo2FeB2,tP10,127",In,In,U8,Pd4,Pd,4,U6,In2Pd,,,,,,,,
1907487.cif,Fe2SnU2,"Mo2FeB2,tP10,127",Sn,Sn,U8,Fe4,Fe,4,U6,Sn2Fe,,,,,,,,
1217900.cif,CdGd2Pd2,"Mo2FeB2,tP10,127",Cd,Cd,Gd8,Pd4,Pd,4,Gd6,Cd2Pd,,,,,,,,
1142343.cif,Ho2Ni2Sn,"Mo2FeB2,tP10,127",Sn,Sn,Ho8,Ni4,Ni,4,Ho6,Sn2Ni,,,,,,,,
1320701.cif,Ge2MgPr2,"Mo2FeB2,tP10,127",Mg,Mg,Pr8,Ge4,Ge,4,Pr6,Mg2Ge,,,,,,,,
312193.cif,Ni2SnU2,"Mo2FeB2,tP10,127",Sn,Sn,U8,Ni4,Ni,4,U6,Sn2Ni,,,,,,,,
1606171.cif,Rh2SnU2,"Mo2FeB2,tP10,127",Sn,Sn,U8,Rh4,Rh,4,U6,Sn2Rh,,,,,,,,
1225486.cif,Ge2MgNd2,"Mo2FeB2,tP10,127",Mg,Mg,Nd8,Ge4,Ge,4,Nd6,Mg2Ge,,,,,,,,
1415411.cif,Au2Dy2In,"Mo2FeB2,tP10,127",In,In,Dy8,Au4,Au,4,Dy6,In2Au,,,,,,,,
1718134.cif,InLa2Pd2,"Mo2FeB2,tP10,127",In,In,La8,Pd4,Pd,4,La6,In2Pd,,,,,,,,
1321521.cif,Ge2InSm2,"Mo2FeB2,tP10,127",In,In,Sm8,Ge4,Ge,4,Sm6,In2Ge,,,,,,,,
1120471.cif,Lu2PbPd2,"Mo2FeB2,tP10,127",Pb,Pb,Lu8,Pd4,Pd,4,Lu6,Pb2Pd,,,,,,,,
1634608.cif,PbPr2Pt2,"Mo2FeB2,tP10,127",Pb,Pb,Pr8,Pt4,Pt,4,Pr6,Pb2Pt,,,,,,,,
1718031.cif,Lu2Ni2Sn,"Mo2FeB2,tP10,127",Sn,Sn,Lu8,Ni4,Ni,4,Lu6,Sn2Ni,,,,,,,,
1233941.cif,Cu2Hf2In,"Mo2FeB2,tP10,127",In,In,Hf8,Cu4,Cu,4,Hf6,In2Cu,,,,,,,,
1343489.cif,PbRh2U2,"Mo2FeB2,tP10,127",Pb,Pb,U8,Rh4,Rh,4,U6,Pb2Rh,,,,,,,,
1120469.cif,Er2PbPd2,"Mo2FeB2,tP10,127",Pb,Pb,Er8,Pd4,Pd,4,Er6,Pb2Pd,,,,,,,,
1720857.cif,InPd2Tb2,"Mo2FeB2,tP10,127",In,In,Tb8,Pd4,Pd,4,Tb6,In2Pd,,,,,,,,
1934022.cif,CdGd2Ge2,"Mo2FeB2,tP10,127",Cd,Cd,Gd8,Ge4,Ge,4,Gd6,Cd2Ge,,,,,,,,
1225488.cif,Ge2MgTb2,"Mo2FeB2,tP10,127",Mg,Mg,Tb8,Ge4,Ge,4,Tb6,Mg2Ge,,,,,,,,
1606188.cif,Pt2SnU2,"Mo2FeB2,tP10,127",Sn,Sn,U8,Pt4,Pt,4,U6,Sn2Pt,,,,,,,,
1937709.cif,LiSi2Y2,"Mo2FeB2,tP10,127",Li,Li,Y8,Si4,Si,4,Y6,Li2Si,,,,,,,,
536133.cif,Ce2InNi2,"Mo2FeB2,tP10,127",In,In,Ce8,Ni4,Ni,4,Ce6,In2Ni,,,,,,,,
1409763.cif,InPt2Pu2,"Mo2FeB2,tP10,127",In,In,Pu8,Pt4,Pt,4,Pu6,In2Pt,,,,,,,,
1803476.cif,Ho2InPd2,"Mo2FeB2,tP10,127",In,In,Ho8,Pd4,Pd,4,Ho6,In2Pd,,,,,,,,
1415459.cif,Cu2MgY2,"Mo2FeB2,tP10,127",Mg,Mg,Y8,Cu4,Cu,4,Y6,Mg2Cu,,,,,,,,
1042005.cif,MgSi2Yb2,"Mo2FeB2,tP10,127",Mg,Mg,Yb8,Si4,Si,4,Yb6,Mg2Si,,,,,,,,
1959979.cif,Ni2SnU2,"Mo2FeB2,tP10,127",Sn,Sn,U8,Ni4,Ni,4,U6,Sn2Ni,,,,,,,,
1803477.cif,Er2InPd2,"Mo2FeB2,tP10,127",In,In,Er8,Pd4,Pd,4,Er6,In2Pd,,,,,,,,
1004249.cif,Gd2MgNi2,"Mo2FeB2,tP10,127",Mg,Mg,Gd8,Ni4,Ni,4,Gd6,Mg2Ni,,,,,,,,
1236948.cif,Ge2SnYb2,"Mo2FeB2,tP10,127",Sn,Sn,Yb8,Ge4,Ge,4,Yb6,Sn2Ge,,,,,,,,
1803478.cif,InPd2Tm2,"Mo2FeB2,tP10,127",In,In,Tm8,Pd4,Pd,4,Tm6,In2Pd,,,,,,,,
1521052.cif,Dy2MgSi2,"Mo2FeB2,tP10,127",Mg,Mg,Dy8,Si4,Si,4,Dy6,Mg2Si,,,,,,,,
1814132.cif,CdNi2Pr2,"Mo2FeB2,tP10,127",Cd,Cd,Pr8,Ni4,Ni,4,Pr6,Cd2Ni,,,,,,,,
1008344.cif,Ce2Si2Sn,"Mo2FeB2,tP10,127",Sn,Sn,Ce8,Si4,Si,4,Ce6,Sn2Si,,,,,,,,
1732429.cif,InLa2Pd2,"Mo2FeB2,tP10,127",In,In,La8,Pd4,Pd,4,La6,In2Pd,,,,,,,,
1409767.cif,Pt2Pu2Sn,"Mo2FeB2,tP10,127",Sn,Sn,Pu8,Pt4,Pt,4,Pu6,Sn2Pt,,,,,,,,
1703536.cif,MgNd2Ni2,"Mo2FeB2,tP10,127",Mg,Mg,Nd8,Ni4,Ni,4,Nd6,Mg2Ni,,,,,,,,
1146298.cif,Rh2SnU2,"Mo2FeB2,tP10,127",Sn,Sn,U8,Rh4,Rh,4,U6,Sn2Rh,,,,,,,,
1321523.cif,Ge2InTb2,"Mo2FeB2,tP10,127",In,In,Tb8,Ge4,Ge,4,Tb6,In2Ge,,,,,,,,
1702541.cif,Ce2InPt2,"Mo2FeB2,tP10,127",In,In,Ce8,Pt4,Pt,4,Ce6,In2Pt,,,,,,,,
1538118.cif,InLa2Ni2,"Mo2FeB2,tP10,127",In,In,La8,Ni4,Ni,4,La6,In2Ni,,,,,,,,
1225492.cif,Ge2MgTm2,"Mo2FeB2,tP10,127",Mg,Mg,Tm8,Ge4,Ge,4,Tm6,Mg2Ge,,,,,,,,
1934026.cif,CdEr2Ge2,"Mo2FeB2,tP10,127",Cd,Cd,Er8,Ge4,Ge,4,Er6,Cd2Ge,,,,,,,,
1714633.cif,CdPd2Yb2,"Mo2FeB2,tP10,127",Cd,Cd,Yb8,Pd4,Pd,4,Yb6,Cd2Pd,,,,,,,,
1409764.cif,InPu2Rh2,"Mo2FeB2,tP10,127",In,In,Pu8,Rh4,Rh,4,Pu6,In2Rh,,,,,,,,
1222338.cif,CdCu2Gd2,"Mo2FeB2,tP10,127",Cd,Cd,Gd8,Cu4,Cu,4,Gd6,Cd2Cu,,,,,,,,
1718299.cif,CdCu2Nd2,"Mo2FeB2,tP10,127",Cd,Cd,Nd8,Cu4,Cu,4,Nd6,Cd2Cu,,,,,,,,
1232088.cif,InNi2U2,"Mo2FeB2,tP10,127",In,In,U8,Ni4,Ni,4,U6,In2Ni,,,,,,,,
1120466.cif,PbPd2Tb2,"Mo2FeB2,tP10,127",Pb,Pb,Tb8,Pd4,Pd,4,Tb6,Pb2Pd,,,,,,,,
1606180.cif,InPd2U2,"Mo2FeB2,tP10,127",In,In,U8,Pd4,Pd,4,U6,In2Pd,,,,,,,,
1234009.cif,Ni2Sc2Sn,"Mo2FeB2,tP10,127",Sn,Sn,Sc8,Ni4,Ni,4,Sc6,Sn2Ni,,,,,,,,
1232095.cif,InNp2Rh2,"Mo2FeB2,tP10,127",In,In,Np8,Rh4,Rh,4,Np6,In2Rh,,,,,,,,
381199.cif,Co2SnU2,"Mo2FeB2,tP10,127",Sn,Sn,U8,Co4,Co,4,U6,Sn2Co,,,,,,,,
1709345.cif,AlSc2Si2,"Mo2FeB2,tP10,127",Al,Al,Sc8,Si4,Si,4,Sc6,Al2Si,,,,,,,,
1926638.cif,MgSi2Yb2,"Mo2FeB2,tP10,127",Mg1,Mg,Yb8,Si4,Si,4,Yb6,Mg2Si,,,,,,,,
1415455.cif,CdCe2Pt2,"Mo2FeB2,tP10,127",Cd,Cd,Ce8,Pt4,Pt,4,Ce6,Cd2Pt,,,,,,,,
1120465.cif,Gd2PbPd2,"Mo2FeB2,tP10,127",Pb,Pb,Gd8,Pd4,Pd,4,Gd6,Pb2Pd,,,,,,,,
1934025.cif,CdGe2Ho2,"Mo2FeB2,tP10,127",Cd,Cd,Ho8,Ge4,Ge,4,Ho6,Cd2Ge,,,,,,,,
1934021.cif,CdGe2Sm2,"Mo2FeB2,tP10,127",Cd,Cd,Sm8,Ge4,Ge,4,Sm6,Cd2Ge,,,,,,,,
1415460.cif,Cu2InLa2,"Mo2FeB2,tP10,127",In,In,La8,Cu4,Cu,4,La6,In2Cu,,,,,,,,
1631721.cif,Rh2SnU2,"Mo2FeB2,tP10,127",Sn,Sn,U8,Rh4,Rh,4,U6,Sn2Rh,,,,,,,,
1225487.cif,Ge2MgSm2,"Mo2FeB2,tP10,127",Mg,Mg,Sm8,Ge4,Ge,4,Sm6,Mg2Ge,,,,,,,,
1903576.cif,Ge2InYb2,"Mo2FeB2,tP10,127",In,In,Yb8,Ge4,Ge,4,Yb6,In2Ge,,,,,,,,
1225484.cif,Ge2MgY2,"Mo2FeB2,tP10,127",Mg,Mg,Y8,Ge4,Ge,4,Y6,Mg2Ge,,,,,,,,
1606179.cif,InRh2U2,"Mo2FeB2,tP10,127",In,In,U8,Rh4,Rh,4,U6,In2Rh,,,,,,,,
1006034.cif,Ce2ScSi2,"Mo2FeB2,tP10,127",Sc,Sc,Ce8,Si4,Si,4,Ce6,Sc2Si,,,,,,,,
560771.cif,Rh2SnU2,"Mo2FeB2,tP10,127",Sn,Sn,U8,Rh4,Rh,4,U6,Sn2Rh,,,,,,,,
1012421.cif,Ge2InLa2,"Mo2FeB2,tP10,127",In,In,La8,Ge4,Ge,4,La6,In2Ge,,,,,,,,
1409765.cif,Ni2Pu2Sn,"Mo2FeB2,tP10,127",Sn,Sn,Pu8,Ni4,Ni,4,Pu6,Sn2Ni,,,,,,,,
1643503.cif,InLa2Pd2,"Mo2FeB2,tP10,127",In,In,La8,Pd4,Pd,4,La6,In2Pd,,,,,,,,
1643502.cif,Ce2InPd2,"Mo2FeB2,tP10,127",In,In,Ce8,Pd4,Pd,4,Ce6,In2Pd,,,,,,,,
1415451.cif,Ce2MgNi2,"Mo2FeB2,tP10,127",Mg,Mg,Ce8,Ni4,Ni,4,Ce6,Mg2Ni,,,,,,,,
1606185.cif,Rh2SnU2,"Mo2FeB2,tP10,127",Sn,Sn,U8,Rh4,Rh,4,U6,Sn2Rh,,,,,,,,
560770.cif,InNi2U2,"Mo2FeB2,tP10,127",In,In,U8,Ni4,Ni,4,U6,In2Ni,,,,,,,,
1934028.cif,CdGe2Yb2,"Mo2FeB2,tP10,127",Cd,Cd,Yb8,Ge4,Ge,4,Yb6,Cd2Ge,,,,,,,,
1225490.cif,Ge2Ho2Mg,"Mo2FeB2,tP10,127",Mg,Mg,Ho8,Ge4,Ge,4,Ho6,Mg2Ge,,,,,,,,
1217902.cif,CdDy2Pd2,"Mo2FeB2,tP10,127",Cd,Cd,Dy8,Pd4,Pd,4,Dy6,Cd2Pd,,,,,,,,
1409761.cif,InNi2Pu2,"Mo2FeB2,tP10,127",In,In,Pu8,Ni4,Ni,4,Pu6,In2Ni,,,,,,,,
1232094.cif,InNi2Np2,"Mo2FeB2,tP10,127",In,In,Np8,Ni4,Ni,4,Np6,In2Ni,,,,,,,,
1934020.cif,CdGe2Nd2,"Mo2FeB2,tP10,127",Cd,Cd,Nd8,Ge4,Ge,4,Nd6,Cd2Ge,,,,,,,,
1606186.cif,Pd2SnU2,"Mo2FeB2,tP10,127",Sn,Sn,U8,Pd4,Pd,4,U6,Sn2Pd,,,,,,,,
1630214.cif,Pd2SnYb2,"Mo2FeB2,tP10,127",Sn,Sn,Yb8,Pd4,Pd,4,Yb6,Sn2Pd,,,,,,,,
1606182.cif,InPt2U2,"Mo2FeB2,tP10,127",In,In,U8,Pt4,Pt,4,U6,In2Pt,,,,,,,,
1120464.cif,PbPd2Sm2,"Mo2FeB2,tP10,127",Pb,Pb,Sm8,Pd4,Pd,4,Sm6,Pb2Pd,,,,,,,,
1225493.cif,Ge2Lu2Mg,"Mo2FeB2,tP10,127",Mg,Mg,Lu8,Ge4,Ge,4,Lu6,Mg2Ge,,,,,,,,
1415454.cif,CdCe2Pd2,"Mo2FeB2,tP10,127",Cd,Cd,Ce8,Pd4,Pd,4,Ce6,Cd2Pd,,,,,,,,
1233598.cif,Ni2SnZr2,"Mo2FeB2,tP10,127",Sn,Sn,Zr8,Ni4,Ni,4,Zr6,Sn2Ni,,,,,,,,
1232087.cif,Co2InU2,"Mo2FeB2,tP10,127",In,In,U8,Co4,Co,4,U6,In2Co,,,,,,,,
1803474.cif,InPd2Tb2,"Mo2FeB2,tP10,127",In,In,Tb8,Pd4,Pd,4,Tb6,In2Pd,,,,,,,,
1146035.cif,MgNd2Ni2,"Mo2FeB2,tP10,127",Mg,Mg,Nd8,Ni4,Ni,4,Nd6,Mg2Ni,,,,,,,,
1906703.cif,Ge2InNd2,"Mo2FeB2,tP10,127",In,In,Nd8,Ge4,Ge,4,Nd6,In2Ge,,,,,,,,
1606177.cif,Co2InU2,"Mo2FeB2,tP10,127",In,In,U8,Co4,Co,4,U6,In2Co,,,,,,,,
1810515.cif,InNi2Sc2,"Mo2FeB2,tP10,127",In,In,Sc8,Ni4,Ni,4,Sc6,In2Ni,,,,,,,,
1022363.cif,Ni2SnTm2,"Mo2FeB2,tP10,127",Sn,Sn,Tm8,Ni4,Ni,4,Tm6,Sn2Ni,,,,,,,,
1232097.cif,InNp2Pt2,"Mo2FeB2,tP10,127",In,In,Np8,Pt4,Pt,4,Np6,In2Pt,,,,,,,,
1904237.cif,Au2Ca2Pb,"Mo2FeB2,tP10,127",Pb,Pb,Ca8,Au4,Au,4,Ca6,Pb2Au,,,,,,,,
1815254.cif,Ce2Ge2In,"Mo2FeB2,tP10,127",In,In,Ce8,Ge4,Ge,4,Ce6,In2Ge,,,,,,,,
1803480.cif,InLu2Pd2,"Mo2FeB2,tP10,127",In,In,Lu8,Pd4,Pd,4,Lu6,In2Pd,,,,,,,,
1819254.cif,Co2InU2,"Mo2FeB2,tP10,127",In,In,U8,Co4,Co,4,U6,In2Co,,,,,,,,
1703534.cif,La2MgNi2,"Mo2FeB2,tP10,127",Mg,Mg,La8,Ni4,Ni,4,La6,Mg2Ni,,,,,,,,
1320700.cif,Ce2Ge2Mg,"Mo2FeB2,tP10,127",Mg,Mg,Ce8,Ge4,Ge,4,Ce6,Mg2Ge,,,,,,,,
1606157.cif,Pd2SnU2,"Mo2FeB2,tP10,127",Sn,Sn,U8,Pd4,Pd,4,U6,Sn2Pd,,,,,,,,
1120459.cif,PbPd2Y2,"Mo2FeB2,tP10,127",Pb,Pb,Y8,Pd4,Pd,4,Y6,Pb2Pd,,,,,,,,
1020186.cif,InPd2Pr2,"Mo2FeB2,tP10,127",In,In,Pr8,Pd4,Pd,4,Pr6,In2Pd,,,,,,,,
1803471.cif,InNd2Pd2,"Mo2FeB2,tP10,127",In,In,Nd8,Pd4,Pd,4,Nd6,In2Pd,,,,,,,,
1522787.cif,CdNd2Pd2,"Mo2FeB2,tP10,127",Cd,Cd,Nd8,Pd4,Pd,4,Nd6,Cd2Pd,,,,,,,,
1803470.cif,InPd2Pr2,"Mo2FeB2,tP10,127",In,In,Pr8,Pd4,Pd,4,Pr6,In2Pd,,,,,,,,
1120467.cif,Dy2PbPd2,"Mo2FeB2,tP10,127",Pb,Pb,Dy8,Pd4,Pd,4,Dy6,Pb2Pd,,,,,,,,
1614968.cif,Hf2Ni2Sn,"Mo2FeB2,tP10,127",Sn,Sn,Hf8,Ni4,Ni,4,Hf6,Sn2Ni,,,,,,,,
1907483.cif,Au2InYb2,"Mo2FeB2,tP10,127",In1,In,Yb8,Au4,Au,4,Yb6,In2Au,,,,,,,,
1236264.cif,Ce2Ge2In,"Mo2FeB2,tP10,127",In1,In,Ce8,Ge4,Ge,4,Ce6,In2Ge,,,,,,,,
536108.cif,Cu2Dy2In,"Mo2FeB2,tP10,127",In1,In,Dy8,Cu4,Cu,4,Dy6,In2Cu,,,,,,,,
1012423.cif,Ge2InPr2,"Mo2FeB2,tP10,127",In1,In,Pr8,Ge4,Ge,4,Pr6,In2Ge,,,,,,,,
1522789.cif,CdLa2Pd2,"Mo2FeB2,tP10,127",Cd1,Cd,La8,Pd4,Pd,4,La6,Cd2Pd,,,,,,,,
1012650.cif,La2MgNi2,"Mo2FeB2,tP10,127",Mg1,Mg,La8,Ni4,Ni,4,La6,Mg2Ni,,,,,,,,
1144279.cif,Ce2InNi2,"Mo2FeB2,tP10,127",In1,In,Ce8,Ni4,Ni,4,Ce6,In2Ni,,,,,,,,
1013497.cif,Ce2Pd2Sn,"Mo2FeB2,tP10,127",Sn1,Sn,Ce8,Pd4,Pd,4,Ce6,Sn2Pd,,,,,,,,
536107.cif,Cu2InTb2,"Mo2FeB2,tP10,127",In1,In,Tb8,Cu4,Cu,4,Tb6,In2Cu,,,,,,,,
1810612.cif,Au2CdLa2,"Mo2FeB2,tP10,127",Cd1,Cd,La8,Au4,Au,4,La6,Cd2Au,,,,,,,,
1234129.cif,Cu2Gd2In,"Mo2FeB2,tP10,127",In1,In,Gd8,Cu4,Cu,4,Gd6,In2Cu,,,,,,,,
1236268.cif,Ge2InNd2,"Mo2FeB2,tP10,127",In1,In,Nd8,Ge4,Ge,4,Nd6,In2Ge,,,,,,,,
1415457.cif,Ce2PbPt2,"Mo2FeB2,tP10,127",Pb1,Pb,Ce8,Pt4,Pt,4,Ce6,Pb2Pt,,,,,,,,
1818094.cif,Cu2InTm2,"Mo2FeB2,tP10,127",In1,In,Tm8,Cu4,Cu,4,Tm6,In2Cu,,,,,,,,
1818858.cif,Au2InPr2,"Mo2FeB2,tP10,127",In1,In,Pr8,Au4,Au,4,Pr6,In2Au,,,,,,,,
1634615.cif,PbPt2Tb2,"Mo2FeB2,tP10,127",Pb1,Pb,Tb8,Pt4,Pt,4,Tb6,Pb2Pt,,,,,,,,
1231068.cif,InPd2Y2,"Mo2FeB2,tP10,127",In1,In,Y8,Pd4,Pd,4,Y6,In2Pd,,,,,,,,
1941433.cif,MgNi2Sm2,"Mo2FeB2,tP10,127",Mg1,Mg,Sm8,Ni4,Ni,4,Sm6,Mg2Ni,,,,,,,,
1634617.cif,Ho2PbPt2,"Mo2FeB2,tP10,127",Pb1,Pb,Ho8,Pt4,Pt,4,Ho6,Pb2Pt,,,,,,,,
1717221.cif,Ge2InNd2,"Mo2FeB2,tP10,127",In1,In,Nd8,Ge4,Ge,4,Nd6,In2Ge,,,,,,,,
1810613.cif,Au2CdPr2,"Mo2FeB2,tP10,127",Cd1,Cd,Pr8,Au4,Au,4,Pr6,Cd2Au,,,,,,,,
1231064.cif,Ho2InPd2,"Mo2FeB2,tP10,127",In1,In,Ho8,Pd4,Pd,4,Ho6,In2Pd,,,,,,,,
536102.cif,InNi2Pr2,"Mo2FeB2,tP10,127",In1,In,Pr8,Ni4,Ni,4,Pr6,In2Ni,,,,,,,,
1521054.cif,La2MgSi2,"Mo2FeB2,tP10,127",Mg1,Mg,La8,Si4,Si,4,La6,Mg2Si,,,,,,,,
1521064.cif,Lu2MgSi2,"Mo2FeB2,tP10,127",Mg1,Mg,Lu8,Si4,Si,4,Lu6,Mg2Si,,,,,,,,
1320695.cif,Ge2MgY2,"Mo2FeB2,tP10,127",Mg1,Mg,Y8,Ge4,Ge,4,Y6,Mg2Ge,,,,,,,,
1818046.cif,La2ScSi2,"Mo2FeB2,tP10,127",Sc1,Sc,La8,Si4,Si,4,La6,Sc2Si,,,,,,,,
1907502.cif,MgPd2Y2,"Mo2FeB2,tP10,127",Mg1,Mg,Y8,Pd4,Pd,4,Y6,Mg2Pd,,,,,,,,
1320697.cif,Ge2MgSm2,"Mo2FeB2,tP10,127",Mg1,Mg,Sm8,Ge4,Ge,4,Sm6,Mg2Ge,,,,,,,,
1234131.cif,Cu2Dy2In,"Mo2FeB2,tP10,127",In1,In,Dy8,Cu4,Cu,4,Dy6,In2Cu,,,,,,,,
1320699.cif,Ge2MgTb2,"Mo2FeB2,tP10,127",Mg1,Mg,Tb8,Ge4,Ge,4,Tb6,Mg2Ge,,,,,,,,
1340241.cif,Er2Ni2Sn,"Mo2FeB2,tP10,127",Sn1,Sn,Er8,Ni4,Ni,4,Er6,Sn2Ni,,,,,,,,
1340231.cif,Ho2Ni2Sn,"Mo2FeB2,tP10,127",Sn1,Sn,Ho8,Ni4,Ni,4,Ho6,Sn2Ni,,,,,,,,
1833647.cif,InNd2Pd2,"Mo2FeB2,tP10,127",In1,In,Nd8,Pd4,Pd,4,Nd6,In2Pd,,,,,,,,
1415466.cif,Cu2Gd2Mg,"Mo2FeB2,tP10,127",Mg1,Mg,Gd8,Cu4,Cu,4,Gd6,Mg2Cu,,,,,,,,
1703537.cif,MgNi2Sm2,"Mo2FeB2,tP10,127",Mg1,Mg,Sm8,Ni4,Ni,4,Sm6,Mg2Ni,,,,,,,,
1818861.cif,Au2Gd2In,"Mo2FeB2,tP10,127",In1,In,Gd8,Au4,Au,4,Gd6,In2Au,,,,,,,,
1222339.cif,CdCu2Tb2,"Mo2FeB2,tP10,127",Cd1,Cd,Tb8,Cu4,Cu,4,Tb6,Cd2Cu,,,,,,,,
1818865.cif,Au2Er2In,"Mo2FeB2,tP10,127",In1,In,Er8,Au4,Au,4,Er6,In2Au,,,,,,,,
1231099.cif,InNd2Rh2,"Mo2FeB2,tP10,127",In1,In,Nd8,Rh4,Rh,4,Nd6,In2Rh,,,,,,,,
1232099.cif,Ni2SnU2,"Mo2FeB2,tP10,127",Sn1,Sn,U8,Ni4,Ni,4,U6,Sn2Ni,,,,,,,,
1236266.cif,Ge2InPr2,"Mo2FeB2,tP10,127",In1,In,Pr8,Ge4,Ge,4,Pr6,In2Ge,,,,,,,,
1234128.cif,Cu2InY2,"Mo2FeB2,tP10,127",In1,In,Y8,Cu4,Cu,4,Y6,In2Cu,,,,,,,,
1634613.cif,PbPt2Sm2,"Mo2FeB2,tP10,127",Pb1,Pb,Sm8,Pt4,Pt,4,Sm6,Pb2Pt,,,,,,,,
1231062.cif,InPd2Tb2,"Mo2FeB2,tP10,127",In1,In,Tb8,Pd4,Pd,4,Tb6,In2Pd,,,,,,,,
1810615.cif,Au2CdNd2,"Mo2FeB2,tP10,127",Cd1,Cd,Nd8,Au4,Au,4,Nd6,Cd2Au,,,,,,,,
1231063.cif,Dy2InPd2,"Mo2FeB2,tP10,127",In1,In,Dy8,Pd4,Pd,4,Dy6,In2Pd,,,,,,,,
1629330.cif,Cu2MgY2,"Mo2FeB2,tP10,127",Mg1,Mg,Y8,Cu4,Cu,4,Y6,Mg2Cu,,,,,,,,
1232125.cif,Rh2SnU2,"Mo2FeB2,tP10,127",Sn1,Sn,U8,Rh4,Rh,4,U6,Sn2Rh,,,,,,,,
1709264.cif,Cu2InTb2,"Mo2FeB2,tP10,127",In1,In,Tb8,Cu4,Cu,4,Tb6,In2Cu,,,,,,,,
1006663.cif,B2MoNb2,"Mo2FeB2,tP10,127",Mo1,Mo,Nb8,B4,B,4,Nb6,Mo2B,,,,,,,,
1606174.cif,Ce2InPt2,"Mo2FeB2,tP10,127",In1,In,Ce8,Pt4,Pt,4,Ce6,In2Pt,,,,,,,,
1522788.cif,CdCe2Pd2,"Mo2FeB2,tP10,127",Cd1,Cd,Ce8,Pd4,Pd,4,Ce6,Cd2Pd,,,,,,,,
1233885.cif,Nd2ScSi2,"Mo2FeB2,tP10,127",Sc1,Sc,Nd8,Si4,Si,4,Nd6,Sc2Si,,,,,,,,
1006742.cif,ScSi2Sm2,"Mo2FeB2,tP10,127",Sc1,Sc,Sm8,Si4,Si,4,Sm6,Sc2Si,,,,,,,,
536104.cif,Cu2InNd2,"Mo2FeB2,tP10,127",In1,In,Nd8,Cu4,Cu,4,Nd6,In2Cu,,,,,,,,
1216142.cif,Cu2La2Mg,"Mo2FeB2,tP10,127",Mg1,Mg,La8,Cu4,Cu,4,La6,Mg2Cu,,,,,,,,
1232126.cif,Pd2SnU2,"Mo2FeB2,tP10,127",Sn1,Sn,U8,Pd4,Pd,4,U6,Sn2Pd,,,,,,,,
1606149.cif,Rh2SnU2,"Mo2FeB2,tP10,127",Sn1,Sn,U8,Rh4,Rh,4,U6,Sn2Rh,,,,,,,,
1415463.cif,Ce2Cu2Mg,"Mo2FeB2,tP10,127",Mg1,Mg,Ce8,Cu4,Cu,4,Ce6,Mg2Cu,,,,,,,,
1231076.cif,InPt2Tb2,"Mo2FeB2,tP10,127",In1,In,Tb8,Pt4,Pt,4,Tb6,In2Pt,,,,,,,,
1634619.cif,PbPt2Tm2,"Mo2FeB2,tP10,127",Pb1,Pb,Tm8,Pt4,Pt,4,Tm6,Pb2Pt,,,,,,,,
1833652.cif,Er2InPd2,"Mo2FeB2,tP10,127",In1,In,Er8,Pd4,Pd,4,Er6,In2Pd,,,,,,,,
1818050.cif,Pr2ScSi2,"Mo2FeB2,tP10,127",Sc1,Sc,Pr8,Si4,Si,4,Pr6,Sc2Si,,,,,,,,
1606151.cif,Ir2SnU2,"Mo2FeB2,tP10,127",Sn1,Sn,U8,Ir4,Ir,4,U6,Sn2Ir,,,,,,,,
1703541.cif,Ho2MgNi2,"Mo2FeB2,tP10,127",Mg1,Mg,Ho8,Ni4,Ni,4,Ho6,Mg2Ni,,,,,,,,
1232123.cif,Ni2SnU2,"Mo2FeB2,tP10,127",Sn1,Sn,U8,Ni4,Ni,4,U6,Sn2Ni,,,,,,,,
1929292.cif,InNi2Pr2,"Mo2FeB2,tP10,127",In1,In,Pr8,Ni4,Ni,4,Pr6,In2Ni,,,,,,,,
1217904.cif,CdEr2Pd2,"Mo2FeB2,tP10,127",Cd1,Cd,Er8,Pd4,Pd,4,Er6,Cd2Pd,,,,,,,,
1021913.cif,Ru2SnU2,"Mo2FeB2,tP10,127",Sn1,Sn,U8,Ru4,Ru,4,U6,Sn2Ru,,,,,,,,
1634614.cif,Gd2PbPt2,"Mo2FeB2,tP10,127",Pb1,Pb,Gd8,Pt4,Pt,4,Gd6,Pb2Pt,,,,,,,,
536120.cif,Cu2InLu2,"Mo2FeB2,tP10,127",In1,In,Lu8,Cu4,Cu,4,Lu6,In2Cu,,,,,,,,
1930289.cif,Ce2InNi2,"Mo2FeB2,tP10,127",In1,In,Ce8,Ni4,Ni,4,Ce6,In2Ni,,,,,,,,
461325.cif,Ce2Cu2In,"Mo2FeB2,tP10,127",Ce1,Ce,Cu8,In4,In,4,Cu6,Ce2In,,,,,,,,
1415412.cif,Au2Gd2Sn,"Mo2FeB2,tP10,127",Sn1,Sn,Gd8,Au4,Au,4,Gd6,Sn2Au,,,,,,,,
1012426.cif,Gd2Ge2In,"Mo2FeB2,tP10,127",In1,In,Gd8,Ge4,Ge,4,Gd6,In2Ge,,,,,,,,
1144307.cif,Ce2Cu2In,"Mo2FeB2,tP10,127",In1,In,Ce8,Cu4,Cu,4,Ce6,In2Cu,,,,,,,,
1937499.cif,Cu2Gd2In,"Mo2FeB2,tP10,127",In1,In,Gd8,Cu4,Cu,4,Gd6,In2Cu,,,,,,,,
1634611.cif,Ce2PbPt2,"Mo2FeB2,tP10,127",Pb1,Pb,Ce8,Pt4,Pt,4,Ce6,Pb2Pt,,,,,,,,
555399.cif,Pd2SnU2,"Mo2FeB2,tP10,127",Sn1,Sn,U8,Pd4,Pd,4,U6,Sn2Pd,,,,,,,,
1232218.cif,Ce2InNi2,"Mo2FeB2,tP10,127",In1,In,Ce8,Ni4,Ni,4,Ce6,In2Ni,,,,,,,,
1231077.cif,Dy2InPt2,"Mo2FeB2,tP10,127",In1,In,Dy8,Pt4,Pt,4,Dy6,In2Pt,,,,,,,,
1930290.cif,Cu2InLa2,"Mo2FeB2,tP10,127",In1,In,La8,Cu4,Cu,4,La6,In2Cu,,,,,,,,
1012425.cif,Ge2InSm2,"Mo2FeB2,tP10,127",In1,In,Sm8,Ge4,Ge,4,Sm6,In2Ge,,,,,,,,
1234262.cif,Ge2InNd2,"Mo2FeB2,tP10,127",In1,In,Nd8,Ge4,Ge,4,Nd6,In2Ge,,,,,,,,
1935267.cif,InNi2U2,"Mo2FeB2,tP10,127",In1,In,U8,Ni4,Ni,4,U6,In2Ni,,,,,,,,
1606181.cif,InIr2U2,"Mo2FeB2,tP10,127",In1,In,U8,Ir4,Ir,4,U6,In2Ir,,,,,,,,
1217903.cif,CdHo2Pd2,"Mo2FeB2,tP10,127",Cd1,Cd,Ho8,Pd4,Pd,4,Ho6,Cd2Pd,,,,,,,,
1906705.cif,Ce2Ge2In,"Mo2FeB2,tP10,127",In1,In,Ce8,Ge4,Ge,4,Ce6,In2Ge,,,,,,,,
1833649.cif,InPd2Tb2,"Mo2FeB2,tP10,127",In1,In,Tb8,Pd4,Pd,4,Tb6,In2Pd,,,,,,,,
1818859.cif,Au2InNd2,"Mo2FeB2,tP10,127",In1,In,Nd8,Au4,Au,4,Nd6,In2Au,,,,,,,,
1217897.cif,CdCe2Pd2,"Mo2FeB2,tP10,127",Cd1,Cd,Ce8,Pd4,Pd,4,Ce6,Cd2Pd,,,,,,,,
1231096.cif,InLa2Rh2,"Mo2FeB2,tP10,127",In1,In,La8,Rh4,Rh,4,La6,In2Rh,,,,,,,,
536117.cif,Cu2InLa2,"Mo2FeB2,tP10,127",In1,In,La8,Cu4,Cu,4,La6,In2Cu,,,,,,,,
1320696.cif,Ge2MgNd2,"Mo2FeB2,tP10,127",Mg1,Mg,Nd8,Ge4,Ge,4,Nd6,Mg2Ge,,,,,,,,
1232216.cif,Ce2InPd2,"Mo2FeB2,tP10,127",In1,In,Ce8,Pd4,Pd,4,Ce6,In2Pd,,,,,,,,
1216192.cif,Ni2SnU2,"Mo2FeB2,tP10,127",Sn1,Sn,U8,Ni4,Ni,4,U6,Sn2Ni,,,,,,,,
1232100.cif,Rh2SnU2,"Mo2FeB2,tP10,127",Sn1,Sn,U8,Rh4,Rh,4,U6,Sn2Rh,,,,,,,,
1606143.cif,InNi2U2,"Mo2FeB2,tP10,127",In1,In,U8,Ni4,Ni,4,U6,In2Ni,,,,,,,,
1233884.cif,Pr2ScSi2,"Mo2FeB2,tP10,127",Sc1,Sc,Pr8,Si4,Si,4,Pr6,Sc2Si,,,,,,,,
1023678.cif,Hf2InNi2,"Mo2FeB2,tP10,127",In1,In,Hf8,Ni4,Ni,4,Hf6,In2Ni,,,,,,,,
1606147.cif,InPt2U2,"Mo2FeB2,tP10,127",In1,In,U8,Pt4,Pt,4,U6,In2Pt,,,,,,,,
1012424.cif,Ge2InNd2,"Mo2FeB2,tP10,127",In1,In,Nd8,Ge4,Ge,4,Nd6,In2Ge,,,,,,,,
1606142.cif,Cu2InYb2,"Mo2FeB2,tP10,127",In1,In,Yb8,Cu4,Cu,4,Yb6,In2Cu,,,,,,,,
1234106.cif,Cu2Gd2In,"Mo2FeB2,tP10,127",In1,In,Gd8,Cu4,Cu,4,Gd6,In2Cu,,,,,,,,
1521060.cif,Ho2MgSi2,"Mo2FeB2,tP10,127",Mg1,Mg,Ho8,Si4,Si,4,Ho6,Mg2Si,,,,,,,,
536110.cif,Cu2Er2In,"Mo2FeB2,tP10,127",In1,In,Er8,Cu4,Cu,4,Er6,In2Cu,,,,,,,,
1833653.cif,Nd2Pd2Sn,"Mo2FeB2,tP10,127",Sn1,Sn,Nd8,Pd4,Pd,4,Nd6,Sn2Pd,,,,,,,,
1231073.cif,InNd2Pt2,"Mo2FeB2,tP10,127",In1,In,Nd8,Pt4,Pt,4,Nd6,In2Pt,,,,,,,,
1954372.cif,Ce2Pd2Sn,"Mo2FeB2,tP10,127",Sn1,Sn,Ce8,Pd4,Pd,4,Ce6,Sn2Pd,,,,,,,,
1234174.cif,Ce2ScSi2,"Mo2FeB2,tP10,127",Sc1,Sc,Ce8,Si4,Si,4,Ce6,Sc2Si,,,,,,,,
1232098.cif,Co2SnU2,"Mo2FeB2,tP10,127",Sn1,Sn,U8,Co4,Co,4,U6,Sn2Co,,,,,,,,
1818863.cif,Au2Dy2In,"Mo2FeB2,tP10,127",In1,In,Dy8,Au4,Au,4,Dy6,In2Au,,,,,,,,
1006729.cif,Cu2InLa2,"Mo2FeB2,tP10,127",In1,In,La8,Cu4,Cu,4,La6,In2Cu,,,,,,,,
1606172.cif,Au2Ce2In,"Mo2FeB2,tP10,127",In1,In,Ce8,Au4,Au,4,Ce6,In2Au,,,,,,,,
1340192.cif,Lu2Ni2Sn,"Mo2FeB2,tP10,127",Sn1,Sn,Lu8,Ni4,Ni,4,Lu6,Sn2Ni,,,,,,,,
1222340.cif,CdCu2Dy2,"Mo2FeB2,tP10,127",Cd1,Cd,Dy8,Cu4,Cu,4,Dy6,Cd2Cu,,,,,,,,
1231100.cif,InRh2Sm2,"Mo2FeB2,tP10,127",In1,In,Sm8,Rh4,Rh,4,Sm6,In2Rh,,,,,,,,
1234130.cif,Cu2InTb2,"Mo2FeB2,tP10,127",In1,In,Tb8,Cu4,Cu,4,Tb6,In2Cu,,,,,,,,
536111.cif,Cu2InTm2,"Mo2FeB2,tP10,127",In1,In,Tm8,Cu4,Cu,4,Tm6,In2Cu,,,,,,,,
1217896.cif,CdLa2Pd2,"Mo2FeB2,tP10,127",Cd1,Cd,La8,Pd4,Pd,4,La6,Cd2Pd,,,,,,,,
1013496.cif,Ce2InPd2,"Mo2FeB2,tP10,127",In1,In,Ce8,Pd4,Pd,4,Ce6,In2Pd,,,,,,,,
1231059.cif,InNd2Pd2,"Mo2FeB2,tP10,127",In1,In,Nd8,Pd4,Pd,4,Nd6,In2Pd,,,,,,,,
1217905.cif,CdPd2Tm2,"Mo2FeB2,tP10,127",Cd1,Cd,Tm8,Pd4,Pd,4,Tm6,Cd2Pd,,,,,,,,
1606166.cif,Ce2Si2Y,"Mo2FeB2,tP10,127",Y1,Y,Ce8,Si4,Si,4,Ce6,Y2Si,,,,,,,,
536100.cif,InNi2Sm2,"Mo2FeB2,tP10,127",In1,In,Sm8,Ni4,Ni,4,Sm6,In2Ni,,,,,,,,
1415417.cif,Au2Ho2In,"Mo2FeB2,tP10,127",In1,In,Ho8,Au4,Au,4,Ho6,In2Au,,,,,,,,
1232101.cif,Pt2SnU2,"Mo2FeB2,tP10,127",Sn1,Sn,U8,Pt4,Pt,4,U6,Sn2Pt,,,,,,,,
1340224.cif,Ge2InPr2,"Mo2FeB2,tP10,127",In1,In,Pr8,Ge4,Ge,4,Pr6,In2Ge,,,,,,,,
536105.cif,Cu2InSm2,"Mo2FeB2,tP10,127",In1,In,Sm8,Cu4,Cu,4,Sm6,In2Cu,,,,,,,,
1929293.cif,InNd2Ni2,"Mo2FeB2,tP10,127",In1,In,Nd8,Ni4,Ni,4,Nd6,In2Ni,,,,,,,,
1943551.cif,Au2CdLa2,"Mo2FeB2,tP10,127",Cd1,Cd,La8,Au4,Au,4,La6,Cd2Au,,,,,,,,
1012429.cif,Ge2Ho2In,"Mo2FeB2,tP10,127",In1,In,Ho8,Ge4,Ge,4,Ho6,In2Ge,,,,,,,,
536106.cif,Cu2Gd2In,"Mo2FeB2,tP10,127",In1,In,Gd8,Cu4,Cu,4,Gd6,In2Cu,,,,,,,,
1415422.cif,CdLa2Rh2,"Mo2FeB2,tP10,127",Cd1,Cd,La8,Rh4,Rh,4,La6,Cd2Rh,,,,,,,,
1606169.cif,La2Si2Y,"Mo2FeB2,tP10,127",Y1,Y,La8,Si4,Si,4,La6,Y2Si,,,,,,,,
1415465.cif,Cu2MgSm2,"Mo2FeB2,tP10,127",Mg1,Mg,Sm8,Cu4,Cu,4,Sm6,Mg2Cu,,,,,,,,
1231078.cif,Ho2InPt2,"Mo2FeB2,tP10,127",In1,In,Ho8,Pt4,Pt,4,Ho6,In2Pt,,,,,,,,
1634612.cif,Nd2PbPt2,"Mo2FeB2,tP10,127",Pb1,Pb,Nd8,Pt4,Pt,4,Nd6,Pb2Pt,,,,,,,,
1231061.cif,Gd2InPd2,"Mo2FeB2,tP10,127",In1,In,Gd8,Pd4,Pd,4,Gd6,In2Pd,,,,,,,,
1232124.cif,Ru2SnU2,"Mo2FeB2,tP10,127",Sn1,Sn,U8,Ru4,Ru,4,U6,Sn2Ru,,,,,,,,
1521063.cif,MgSi2Yb2,"Mo2FeB2,tP10,127",Mg1,Mg,Yb8,Si4,Si,4,Yb6,Mg2Si,,,,,,,,
1818867.cif,Au2InY2,"Mo2FeB2,tP10,127",In1,In,Y8,Au4,Au,4,Y6,In2Au,,,,,,,,
1415418.cif,Au2Er2In,"Mo2FeB2,tP10,127",In1,In,Er8,Au4,Au,4,Er6,In2Au,,,,,,,,
1415467.cif,Cu2MgTb2,"Mo2FeB2,tP10,127",Mg1,Mg,Tb8,Cu4,Cu,4,Tb6,Mg2Cu,,,,,,,,
1818862.cif,Au2InTb2,"Mo2FeB2,tP10,127",In1,In,Tb8,Au4,Au,4,Tb6,In2Au,,,,,,,,
1941431.cif,Ce2MgNi2,"Mo2FeB2,tP10,127",Mg1,Mg,Ce8,Ni4,Ni,4,Ce6,Mg2Ni,,,,,,,,
1023677.cif,Cu2InZr2,"Mo2FeB2,tP10,127",In1,In,Cu8,Zr4,Zr,4,Cu6,In2Zr,,,,,,,,
1415456.cif,Au2CdCe2,"Mo2FeB2,tP10,127",Cd1,Cd,Ce8,Au4,Au,4,Ce6,Cd2Au,,,,,,,,
1222343.cif,CdCu2Tm2,"Mo2FeB2,tP10,127",Cd1,Cd,Tm8,Cu4,Cu,4,Tm6,Cd2Cu,,,,,,,,
1814136.cif,CdNi2Tb2,"Mo2FeB2,tP10,127",Cd1,Cd,Tb8,Ni4,Ni,4,Tb6,Cd2Ni,,,,,,,,
536101.cif,InNd2Ni2,"Mo2FeB2,tP10,127",In1,In,Nd8,Ni4,Ni,4,Nd6,In2Ni,,,,,,,,
1231056.cif,InLa2Pd2,"Mo2FeB2,tP10,127",In1,In,La8,Pd4,Pd,4,La6,In2Pd,,,,,,,,
1231058.cif,InPd2Pr2,"Mo2FeB2,tP10,127",In1,In,Pr8,Pd4,Pd,4,Pr6,In2Pd,,,,,,,,
1833650.cif,Dy2InPd2,"Mo2FeB2,tP10,127",In1,In,Dy8,Pd4,Pd,4,Dy6,In2Pd,,,,,,,,
1231069.cif,InPd2Th2,"Mo2FeB2,tP10,127",In1,In,Th8,Pd4,Pd,4,Th6,In2Pd,,,,,,,,
1231072.cif,InPr2Pt2,"Mo2FeB2,tP10,127",In1,In,Pr8,Pt4,Pt,4,Pr6,In2Pt,,,,,,,,
1232093.cif,Co2InNp2,"Mo2FeB2,tP10,127",In1,In,Np8,Co4,Co,4,Np6,In2Co,,,,,,,,
1606146.cif,InIr2U2,"Mo2FeB2,tP10,127",In1,In,U8,Ir4,Ir,4,U6,In2Ir,,,,,,,,
1703542.cif,Er2MgNi2,"Mo2FeB2,tP10,127",Mg1,Mg,Er8,Ni4,Ni,4,Er6,Mg2Ni,,,,,,,,
1013498.cif,Ce2PbPd2,"Mo2FeB2,tP10,127",Pb1,Pb,Ce8,Pd4,Pd,4,Ce6,Pb2Pd,,,,,,,,
1521057.cif,MgNd2Si2,"Mo2FeB2,tP10,127",Mg1,Mg,Nd8,Si4,Si,4,Nd6,Mg2Si,,,,,,,,
1935268.cif,Co2InU2,"Mo2FeB2,tP10,127",In1,In,U8,Co4,Co,4,U6,In2Co,,,,,,,,
1606150.cif,Pd2SnU2,"Mo2FeB2,tP10,127",Sn1,Sn,U8,Pd4,Pd,4,U6,Sn2Pd,,,,,,,,
1231067.cif,InLu2Pd2,"Mo2FeB2,tP10,127",In1,In,Lu8,Pd4,Pd,4,Lu6,In2Pd,,,,,,,,
1232122.cif,Co2SnU2,"Mo2FeB2,tP10,127",Sn1,Sn,U8,Co4,Co,4,U6,Sn2Co,,,,,,,,
1232121.cif,Fe2SnU2,"Mo2FeB2,tP10,127",Sn1,Sn,U8,Fe4,Fe,4,U6,Sn2Fe,,,,,,,,
1415413.cif,Au2SnTb2,"Mo2FeB2,tP10,127",Sn1,Sn,Tb8,Au4,Au,4,Tb6,Sn2Au,,,,,,,,
1320698.cif,Gd2Ge2Mg,"Mo2FeB2,tP10,127",Mg1,Mg,Gd8,Ge4,Ge,4,Gd6,Mg2Ge,,,,,,,,
1234259.cif,Ge2InLa2,"Mo2FeB2,tP10,127",In1,In,La8,Ge4,Ge,4,La6,In2Ge,,,,,,,,
1606148.cif,Ni2SnU2,"Mo2FeB2,tP10,127",Sn1,Sn,U8,Ni4,Ni,4,U6,Sn2Ni,,,,,,,,
1925689.cif,Cu2Er2In,"Mo2FeB2,tP10,127",In1,In,Er8,Cu4,Cu,4,Er6,In2Cu,,,,,,,,
1818857.cif,Au2Ce2In,"Mo2FeB2,tP10,127",In1,In,Ce8,Au4,Au,4,Ce6,In2Au,,,,,,,,
1937710.cif,LiNd2Si2,"Mo2FeB2,tP10,127",Li1,Li,Nd8,Si4,Si,4,Nd6,Li2Si,,,,,,,,
1627501.cif,Ni2SnU2,"Mo2FeB2,tP10,127",Sn1,Sn,U8,Ni4,Ni,4,U6,Sn2Ni,,,,,,,,
1013429.cif,InLa2Ni2,"Mo2FeB2,tP10,127",In1,In,La8,Ni4,Ni,4,La6,In2Ni,,,,,,,,
1120463.cif,Nd2PbPd2,"Mo2FeB2,tP10,127",Pb1,Pb,Nd8,Pd4,Pd,4,Nd6,Pb2Pd,,,,,,,,
1231079.cif,InPt2Y2,"Mo2FeB2,tP10,127",In1,In,Y8,Pt4,Pt,4,Y6,In2Pt,,,,,,,,
1222336.cif,CdCu2Y2,"Mo2FeB2,tP10,127",Cd1,Cd,Y8,Cu4,Cu,4,Y6,Cd2Cu,,,,,,,,
1634618.cif,Er2PbPt2,"Mo2FeB2,tP10,127",Pb1,Pb,Er8,Pt4,Pt,4,Er6,Pb2Pt,,,,,,,,
1144283.cif,Ce2InPd2,"Mo2FeB2,tP10,127",In1,In,Ce8,Pd4,Pd,4,Ce6,In2Pd,,,,,,,,
1222337.cif,CdCu2Sm2,"Mo2FeB2,tP10,127",Cd1,Cd,Sm8,Cu4,Cu,4,Sm6,Cd2Cu,,,,,,,,
1907508.cif,Dy2MgPd2,"Mo2FeB2,tP10,127",Mg1,Mg,Dy8,Pd4,Pd,4,Dy6,Mg2Pd,,,,,,,,
1013430.cif,Cu2InLa2,"Mo2FeB2,tP10,127",In1,In,La8,Cu4,Cu,4,La6,In2Cu,,,,,,,,
1006035.cif,Ce2Si2Y,"Mo2FeB2,tP10,127",Y1,Y,Ce8,Si4,Si,4,Ce6,Y2Si,,,,,,,,
1012428.cif,Dy2Ge2In,"Mo2FeB2,tP10,127",In1,In,Dy8,Ge4,Ge,4,Dy6,In2Ge,,,,,,,,
1628739.cif,Ga2MgY2,"Mo2FeB2,tP10,127",Mg1,Mg,Y8,Ga4,Ga,4,Y6,Mg2Ga,,,,,,,,
1234104.cif,Ce2Cu2In,"Mo2FeB2,tP10,127",In1,In,Ce8,Cu4,Cu,4,Ce6,In2Cu,,,,,,,,
1833651.cif,Ho2InPd2,"Mo2FeB2,tP10,127",In1,In,Ho8,Pd4,Pd,4,Ho6,In2Pd,,,,,,,,
536119.cif,Cu2InPr2,"Mo2FeB2,tP10,127",In1,In,Pr8,Cu4,Cu,4,Pr6,In2Cu,,,,,,,,
1007740.cif,ScSi2Sm2,"Mo2FeB2,tP10,127",Sc1,Sc,Sm8,Si4,Si,4,Sm6,Sc2Si,,,,,,,,
1906704.cif,Ge2InLa2,"Mo2FeB2,tP10,127",In1,In,La8,Ge4,Ge,4,La6,In2Ge,,,,,,,,
1231075.cif,Gd2InPt2,"Mo2FeB2,tP10,127",In1,In,Gd8,Pt4,Pt,4,Gd6,In2Pt,,,,,,,,
1008869.cif,Ce2ScSi2,"Mo2FeB2,tP10,127",Sc1,Sc,Ce8,Si4,Si,4,Ce6,Sc2Si,,,,,,,,
1537057.cif,InNi2Pr2,"Mo2FeB2,tP10,127",In1,In,Pr8,Ni4,Ni,4,Pr6,In2Ni,,,,,,,,
1818864.cif,Au2Ho2In,"Mo2FeB2,tP10,127",In1,In,Ho8,Au4,Au,4,Ho6,In2Au,,,,,,,,
1148330.cif,La2PbRh2,"Mo2FeB2,tP10,127",Pb1,Pb,La8,Rh4,Rh,4,La6,Pb2Rh,,,,,,,,
536114.cif,InNi2Tm2,"Mo2FeB2,tP10,127",In1,In,Tm8,Ni4,Ni,4,Tm6,In2Ni,,,,,,,,
1537058.cif,InNd2Ni2,"Mo2FeB2,tP10,127",In1,In,Nd8,Ni4,Ni,4,Nd6,In2Ni,,,,,,,,
1818856.cif,Au2InLa2,"Mo2FeB2,tP10,127",In1,In,La8,Au4,Au,4,La6,In2Au,,,,,,,,
1231071.cif,Ce2InPt2,"Mo2FeB2,tP10,127",In1,In,Ce8,Pt4,Pt,4,Ce6,In2Pt,,,,,,,,
1415468.cif,Cu2Dy2Mg,"Mo2FeB2,tP10,127",Mg1,Mg,Dy8,Cu4,Cu,4,Dy6,Mg2Cu,,,,,,,,
1907482.cif,InPd2Yb2,"Mo2FeB2,tP10,127",In1,In,Yb8,Pd4,Pd,4,Yb6,In2Pd,,,,,,,,
1415424.cif,CdNd2Rh2,"Mo2FeB2,tP10,127",Cd1,Cd,Nd8,Rh4,Rh,4,Nd6,Cd2Rh,,,,,,,,
1040662.cif,Ce2InPt2,"Mo2FeB2,tP10,127",In1,In,Ce8,Pt4,Pt,4,Ce6,In2Pt,,,,,,,,
1645499.cif,AlSi2Yb2,"Mo2FeB2,tP10,127",Al1,Al,Yb8,Si4,Si,4,Yb6,Al2Si,,,,,,,,
1606152.cif,Pt2SnU2,"Mo2FeB2,tP10,127",Sn1,Sn,U8,Pt4,Pt,4,U6,Sn2Pt,,,,,,,,
536116.cif,InNi2Y2,"Mo2FeB2,tP10,127",In1,In,Y8,Ni4,Ni,4,Y6,In2Ni,,,,,,,,
1415470.cif,Cu2Er2Mg,"Mo2FeB2,tP10,127",Mg1,Mg,Er8,Cu4,Cu,4,Er6,Mg2Cu,,,,,,,,
1907509.cif,Ho2MgPd2,"Mo2FeB2,tP10,127",Mg1,Mg,Ho8,Pd4,Pd,4,Ho6,Mg2Pd,,,,,,,,
1340191.cif,Ni2SnTm2,"Mo2FeB2,tP10,127",Sn1,Sn,Tm8,Ni4,Ni,4,Tm6,Sn2Ni,,,,,,,,
1013495.cif,Ce2InNi2,"Mo2FeB2,tP10,127",In1,In,Ce8,Ni4,Ni,4,Ce6,In2Ni,,,,,,,,
1148335.cif,PbRh2Tb2,"Mo2FeB2,tP10,127",Pb1,Pb,Tb8,Rh4,Rh,4,Tb6,Pb2Rh,,,,,,,,
1930288.cif,InLa2Ni2,"Mo2FeB2,tP10,127",In1,In,La8,Ni4,Ni,4,La6,In2Ni,,,,,,,,
1231097.cif,Ce2InRh2,"Mo2FeB2,tP10,127",In1,In,Ce8,Rh4,Rh,4,Ce6,In2Rh,,,,,,,,
1222344.cif,CdCu2Lu2,"Mo2FeB2,tP10,127",Cd1,Cd,Lu8,Cu4,Cu,4,Lu6,Cd2Cu,,,,,,,,
1231057.cif,Ce2InPd2,"Mo2FeB2,tP10,127",In1,In,Ce8,Pd4,Pd,4,Ce6,In2Pd,,,,,,,,
536103.cif,Dy2InNi2,"Mo2FeB2,tP10,127",In1,In,Dy8,Ni4,Ni,4,Dy6,In2Ni,,,,,,,,
1415425.cif,CdRh2Sm2,"Mo2FeB2,tP10,127",Cd1,Cd,Sm8,Rh4,Rh,4,Sm6,Cd2Rh,,,,,,,,
1234260.cif,Ce2Ge2In,"Mo2FeB2,tP10,127",In1,In,Ce8,Ge4,Ge,4,Ce6,In2Ge,,,,,,,,
1907503.cif,MgPd2Pr2,"Mo2FeB2,tP10,127",Mg1,Mg,Pr8,Pd4,Pd,4,Pr6,Mg2Pd,,,,,,,,
1640509.cif,Ge2La2Mg,"Mo2FeB2,tP10,127",Mg1,Mg,La8,Ge4,Ge,4,La6,Mg2Ge,,,,,,,,
1703539.cif,MgNi2Tb2,"Mo2FeB2,tP10,127",Mg1,Mg,Tb8,Ni4,Ni,4,Tb6,Mg2Ni,,,,,,,,
1415472.cif,Cu2Lu2Mg,"Mo2FeB2,tP10,127",Mg1,Mg,Lu8,Cu4,Cu,4,Lu6,Mg2Cu,,,,,,,,
1232091.cif,InIr2U2,"Mo2FeB2,tP10,127",In1,In,U8,Ir4,Ir,4,U6,In2Ir,,,,,,,,
1415414.cif,Au2InY2,"Mo2FeB2,tP10,127",In1,In,Y8,Au4,Au,4,Y6,In2Au,,,,,,,,
1521061.cif,Er2MgSi2,"Mo2FeB2,tP10,127",Mg1,Mg,Er8,Si4,Si,4,Er6,Mg2Si,,,,,,,,
1521059.cif,MgSi2Tb2,"Mo2FeB2,tP10,127",Mg1,Mg,Tb8,Si4,Si,4,Tb6,Mg2Si,,,,,,,,
1148332.cif,PbPr2Rh2,"Mo2FeB2,tP10,127",Pb1,Pb,Pr8,Rh4,Rh,4,Pr6,Pb2Rh,,,,,,,,
1233539.cif,Cu2Gd2In,"Mo2FeB2,tP10,127",In1,In,Gd8,Cu4,Cu,4,Gd6,In2Cu,,,,,,,,
1833648.cif,Gd2InPd2,"Mo2FeB2,tP10,127",In1,In,Gd8,Pd4,Pd,4,Gd6,In2Pd,,,,,,,,
1818099.cif,Cu2InLu2,"Mo2FeB2,tP10,127",In1,In,Lu8,Cu4,Cu,4,Lu6,In2Cu,,,,,,,,
1907506.cif,Gd2MgPd2,"Mo2FeB2,tP10,127",Mg1,Mg,Gd8,Pd4,Pd,4,Gd6,Mg2Pd,,,,,,,,
1234225.cif,InNi2U2,"Mo2FeB2,tP10,127",In1,In,U8,Ni4,Ni,4,U6,In2Ni,,,,,,,,
1833654.cif,Pd2SnTb2,"Mo2FeB2,tP10,127",Sn1,Sn,Tb8,Pd4,Pd,4,Tb6,Sn2Pd,,,,,,,,
1415415.cif,Au2Gd2In,"Mo2FeB2,tP10,127",In1,In,Gd8,Au4,Au,4,Gd6,In2Au,,,,,,,,
1231080.cif,InPt2Th2,"Mo2FeB2,tP10,127",In1,In,Th8,Pt4,Pt,4,Th6,In2Pt,,,,,,,,
1521058.cif,Gd2MgSi2,"Mo2FeB2,tP10,127",Mg1,Mg,Gd8,Si4,Si,4,Gd6,Mg2Si,,,,,,,,
1929290.cif,InLa2Ni2,"Mo2FeB2,tP10,127",In1,In,La8,Ni4,Ni,4,La6,In2Ni,,,,,,,,
1703538.cif,Gd2MgNi2,"Mo2FeB2,tP10,127",Mg1,Mg,Gd8,Ni4,Ni,4,Gd6,Mg2Ni,,,,,,,,
1148334.cif,Gd2PbRh2,"Mo2FeB2,tP10,127",Pb1,Pb,Gd8,Rh4,Rh,4,Gd6,Pb2Rh,,,,,,,,
1833646.cif,InLa2Pd2,"Mo2FeB2,tP10,127",In1,In,La8,Pd4,Pd,4,La6,In2Pd,,,,,,,,
1709304.cif,Cu2Gd2In,"Mo2FeB2,tP10,127",In1,In,Gd8,Cu4,Cu,4,Gd6,In2Cu,,,,,,,,
1340189.cif,Ho2Ni2Sn,"Mo2FeB2,tP10,127",Sn1,Sn,Ho8,Ni4,Ni,4,Ho6,Sn2Ni,,,,,,,,
1634616.cif,Dy2PbPt2,"Mo2FeB2,tP10,127",Pb1,Pb,Dy8,Pt4,Pt,4,Dy6,Pb2Pt,,,,,,,,
1231070.cif,InLa2Pt2,"Mo2FeB2,tP10,127",In1,In,La8,Pt4,Pt,4,La6,In2Pt,,,,,,,,
1232096.cif,InNp2Pd2,"Mo2FeB2,tP10,127",In1,In,Np8,Pd4,Pd,4,Np6,In2Pd,,,,,,,,
1310251.cif,B2FeMo2,"Mo2FeB2,tP10,127",Fe1,Fe,Mo8,B4,B,4,Mo6,Fe2B,,,,,,,,
1937501.cif,Cu2Gd2Mg,"Mo2FeB2,tP10,127",Mg1,Mg,Gd8,Cu4,Cu,4,Gd6,Mg2Cu,,,,,,,,
1233537.cif,Ce2Cu2In,"Mo2FeB2,tP10,127",In1,In,Ce8,Cu4,Cu,4,Ce6,In2Cu,,,,,,,,
1810614.cif,Au2CdSm2,"Mo2FeB2,tP10,127",Cd1,Cd,Sm8,Au4,Au,4,Sm6,Cd2Au,,,,,,,,
1826990.cif,InPt2U2,"Mo2FeB2,tP10,127",In1,In,U8,Pt4,Pt,4,U6,In2Pt,,,,,,,,
1231060.cif,InPd2Sm2,"Mo2FeB2,tP10,127",In1,In,Sm8,Pd4,Pd,4,Sm6,In2Pd,,,,,,,,
1415458.cif,Au2Ce2Pb,"Mo2FeB2,tP10,127",Pb1,Pb,Ce8,Au4,Au,4,Ce6,Pb2Au,,,,,,,,
1415416.cif,Au2InTb2,"Mo2FeB2,tP10,127",In1,In,Tb8,Au4,Au,4,Tb6,In2Au,,,,,,,,
1709269.cif,Cu2Dy2In,"Mo2FeB2,tP10,127",In1,In,Dy8,Cu4,Cu,4,Dy6,In2Cu,,,,,,,,
1231098.cif,InPr2Rh2,"Mo2FeB2,tP10,127",In1,In,Pr8,Rh4,Rh,4,Pr6,In2Rh,,,,,,,,
1606153.cif,Cu2Dy2In,"Mo2FeB2,tP10,127",In1,In,Dy8,Cu4,Cu,4,Dy6,In2Cu,,,,,,,,
1415464.cif,Cu2MgPr2,"Mo2FeB2,tP10,127",Mg1,Mg,Pr8,Cu4,Cu,4,Pr6,Mg2Cu,,,,,,,,
1236270.cif,Ce2InSi2,"Mo2FeB2,tP10,127",In1,In,Ce8,Si4,Si,4,Ce6,In2Si,,,,,,,,
1013433.cif,InLa2Pt2,"Mo2FeB2,tP10,127",In1,In,La8,Pt4,Pt,4,La6,In2Pt,,,,,,,,
1222342.cif,CdCu2Er2,"Mo2FeB2,tP10,127",Cd1,Cd,Er8,Cu4,Cu,4,Er6,Cd2Cu,,,,,,,,
1234261.cif,Ge2InPr2,"Mo2FeB2,tP10,127",In1,In,Pr8,Ge4,Ge,4,Pr6,In2Ge,,,,,,,,
536118.cif,Ce2Cu2In,"Mo2FeB2,tP10,127",In1,In,Ce8,Cu4,Cu,4,Ce6,In2Cu,,,,,,,,
1232092.cif,InPt2U2,"Mo2FeB2,tP10,127",In1,In,U8,Pt4,Pt,4,U6,In2Pt,,,,,,,,
1148331.cif,Ce2PbRh2,"Mo2FeB2,tP10,127",Pb1,Pb,Ce8,Rh4,Rh,4,Ce6,Pb2Rh,,,,,,,,
1606144.cif,InRh2U2,"Mo2FeB2,tP10,127",In1,In,U8,Rh4,Rh,4,U6,In2Rh,,,,,,,,
1709133.cif,Cu2InY2,"Mo2FeB2,tP10,127",In1,In,Y8,Cu4,Cu,4,Y6,In2Cu,,,,,,,,
1645501.cif,MgSi2Yb2,"Mo2FeB2,tP10,127",Mg1,Mg,Yb8,Si4,Si,4,Yb6,Mg2Si,,,,,,,,
1818860.cif,Au2InSm2,"Mo2FeB2,tP10,127",In1,In,Sm8,Au4,Au,4,Sm6,In2Au,,,,,,,,
1636913.cif,InNd2Ni2,"Mo2FeB2,tP10,127",In1,In,Nd8,Ni4,Ni,4,Nd6,In2Ni,,,,,,,,
1521055.cif,Ce2MgSi2,"Mo2FeB2,tP10,127",Mg1,Mg,Ce8,Si4,Si,4,Ce6,Mg2Si,,,,,,,,
1415423.cif,CdPr2Rh2,"Mo2FeB2,tP10,127",Cd1,Cd,Pr8,Rh4,Rh,4,Pr6,Cd2Rh,,,,,,,,
1634610.cif,La2PbPt2,"Mo2FeB2,tP10,127",Pb1,Pb,La8,Pt4,Pt,4,La6,Pb2Pt,,,,,,,,
1943552.cif,Au2CdCe2,"Mo2FeB2,tP10,127",Cd1,Cd,Ce8,Au4,Au,4,Ce6,Cd2Au,,,,,,,,
1340190.cif,Er2Ni2Sn,"Mo2FeB2,tP10,127",Sn1,Sn,Er8,Ni4,Ni,4,Er6,Sn2Ni,,,,,,,,
1322076.cif,Ce2InPt2,"Mo2FeB2,tP10,127",In1,In,Ce8,Pt4,Pt,4,Ce6,In2Pt,,,,,,,,
1521053.cif,MgSi2Y2,"Mo2FeB2,tP10,127",Mg1,Mg,Y8,Si4,Si,4,Y6,Mg2Si,,,,,,,,
1023676.cif,Co2InZr2,"Mo2FeB2,tP10,127",In1,In,Zr8,Co4,Co,4,Zr6,In2Co,,,,,,,,
1650110.cif,InPd2Yb2,"Mo2FeB2,tP10,127",In1,In,Yb8,Pd4,Pd,4,Yb6,In2Pd,,,,,,,,
1606145.cif,InPd2U2,"Mo2FeB2,tP10,127",In1,In,U8,Pd4,Pd,4,U6,In2Pd,,,,,,,,
536122.cif,InNi2Tb2,"Mo2FeB2,tP10,127",In1,In,Tb8,Ni4,Ni,4,Tb6,In2Ni,,,,,,,,
1415471.cif,Cu2MgTm2,"Mo2FeB2,tP10,127",Mg1,Mg,Tm8,Cu4,Cu,4,Tm6,Mg2Cu,,,,,,,,
1645502.cif,Gd2MgSi2,"Mo2FeB2,tP10,127",Mg1,Mg,Gd8,Si4,Si,4,Gd6,Mg2Si,,,,,,,,
1925536.cif,Cu2InNd2,"Mo2FeB2,tP10,127",In1,In,Nd8,Cu4,Cu,4,Nd6,In2Cu,,,,,,,,
1148333.cif,Nd2PbRh2,"Mo2FeB2,tP10,127",Pb1,Pb,Nd8,Rh4,Rh,4,Nd6,Pb2Rh,,,,,,,,
1231074.cif,InPt2Sm2,"Mo2FeB2,tP10,127",In1,In,Sm8,Pt4,Pt,4,Sm6,In2Pt,,,,,,,,
536113.cif,Er2InNi2,"Mo2FeB2,tP10,127",In1,In,Er8,Ni4,Ni,4,Er6,In2Ni,,,,,,,,
1521056.cif,MgPr2Si2,"Mo2FeB2,tP10,127",Mg1,Mg,Pr8,Si4,Si,4,Pr6,Mg2Si,,,,,,,,
1925543.cif,Cu2InSm2,"Mo2FeB2,tP10,127",In1,In,Sm8,Cu4,Cu,4,Sm6,In2Cu,,,,,,,,
1231066.cif,InPd2Tm2,"Mo2FeB2,tP10,127",In1,In,Tm8,Pd4,Pd,4,Tm6,In2Pd,,,,,,,,
1935266.cif,Ni2SnU2,"Mo2FeB2,tP10,127",Sn1,Sn,U8,Ni4,Ni,4,U6,Sn2Ni,,,,,,,,
1703540.cif,Dy2MgNi2,"Mo2FeB2,tP10,127",Mg1,Mg,Dy8,Ni4,Ni,4,Dy6,Mg2Ni,,,,,,,,
1634620.cif,Lu2PbPt2,"Mo2FeB2,tP10,127",Pb1,Pb,Lu8,Pt4,Pt,4,Lu6,Pb2Pt,,,,,,,,
1236262.cif,Ge2InLa2,"Mo2FeB2,tP10,127",In1,In,La8,Ge4,Ge,4,La6,In2Ge,,,,,,,,
1822643.cif,Ce2InSi2,"Mo2FeB2,tP10,127",In1,In,Ce8,Si4,Si,4,Ce6,In2Si,,,,,,,,
1415469.cif,Cu2Ho2Mg,"Mo2FeB2,tP10,127",Mg1,Mg,Ho8,Cu4,Cu,4,Ho6,Mg2Cu,,,,,,,,
536112.cif,Ho2InNi2,"Mo2FeB2,tP10,127",In1,In,Ho8,Ni4,Ni,4,Ho6,In2Ni,,,,,,,,
1013434.cif,Au2InLa2,"Mo2FeB2,tP10,127",In1,In,La8,Au4,Au,4,La6,In2Au,,,,,,,,
1703543.cif,MgNi2Tm2,"Mo2FeB2,tP10,127",Mg1,Mg,Tm8,Ni4,Ni,4,Tm6,Mg2Ni,,,,,,,,
1233883.cif,La2ScSi2,"Mo2FeB2,tP10,127",Sc1,Sc,La8,Si4,Si,4,La6,Sc2Si,,,,,,,,
536121.cif,Cu2InY2,"Mo2FeB2,tP10,127",In1,In,Y8,Cu4,Cu,4,Y6,In2Cu,,,,,,,,
1818866.cif,Au2InYb2,"Mo2FeB2,tP10,127",In1,In,Yb8,Au4,Au,4,Yb6,In2Au,,,,,,,,
1930291.cif,Ce2Cu2In,"Mo2FeB2,tP10,127",In1,In,Ce8,Cu4,Cu,4,Ce6,In2Cu,,,,,,,,
1013432.cif,InLa2Pd2,"Mo2FeB2,tP10,127",In1,In,La8,Pd4,Pd,4,La6,In2Pd,,,,,,,,
1222341.cif,CdCu2Ho2,"Mo2FeB2,tP10,127",Cd1,Cd,Ho8,Cu4,Cu,4,Ho6,Cd2Cu,,,,,,,,
1217901.cif,CdPd2Tb2,"Mo2FeB2,tP10,127",Cd1,Cd,Tb8,Pd4,Pd,4,Tb6,Cd2Pd,,,,,,,,
1606167.cif,Ce2ScSi2,"Mo2FeB2,tP10,127",Sc1,Sc,Ce8,Si4,Si,4,Ce6,Sc2Si,,,,,,,,
1012422.cif,Ce2Ge2In,"Mo2FeB2,tP10,127",In1,In,Ce8,Ge4,Ge,4,Ce6,In2Ge,,,,,,,,
1907505.cif,MgPd2Sm2,"Mo2FeB2,tP10,127",Mg1,Mg,Sm8,Pd4,Pd,4,Sm6,Mg2Pd,,,,,,,,
1521062.cif,MgSi2Tm2,"Mo2FeB2,tP10,127",Mg1,Mg,Tm8,Si4,Si,4,Tm6,Mg2Si,,,,,,,,
1634609.cif,PbPt2Y2,"Mo2FeB2,tP10,127",Pb1,Pb,Y8,Pt4,Pt,4,Y6,Pb2Pt,,,,,,,,
1013431.cif,InLa2Rh2,"Mo2FeB2,tP10,127",In1,In,La8,Rh4,Rh,4,La6,In2Rh,,,,,,,,
1929291.cif,Ce2InNi2,"Mo2FeB2,tP10,127",In1,In,Ce8,Ni4,Ni,4,Ce6,In2Ni,,,,,,,,
1925682.cif,Cu2Ho2In,"Mo2FeB2,tP10,127",In1,In,Ho8,Cu4,Cu,4,Ho6,In2Cu,,,,,,,,
1233886.cif,La2Si2Y,"Mo2FeB2,tP10,127",Y1,Y,La8,Si4,Si,4,La6,Y2Si,,,,,,,,
1217907.cif,CdLu2Pd2,"Mo2FeB2,tP10,127",Cd1,Cd,Lu8,Pd4,Pd,4,Lu6,Cd2Pd,,,,,,,,
1231065.cif,Er2InPd2,"Mo2FeB2,tP10,127",In1,In,Er8,Pd4,Pd,4,Er6,In2Pd,,,,,,,,
536099.cif,InLa2Ni2,"Mo2FeB2,tP10,127",In1,In,La8,Ni4,Ni,4,La6,In2Ni,,,,,,,,
1606173.cif,Ce2Cu2In,"Mo2FeB2,tP10,127",In1,In,Ce8,Cu4,Cu,4,Ce6,In2Cu,,,,,,,,
1012427.cif,Ge2InTb2,"Mo2FeB2,tP10,127",In1,In,Tb8,Ge4,Ge,4,Tb6,In2Ge,,,,,,,,
1946380.cif,Ce2Ge2In,"Mo2FeB2,tP10,127",In1,In,Ce8,Ge4,Ge,4,Ce6,In2Ge,,,,,,,,
1012430.cif,Ge2InY2,"Mo2FeB2,tP10,127",In1,In,Y8,Ge4,Ge,4,Y6,In2Ge,,,,,,,,
536109.cif,Cu2Ho2In,"Mo2FeB2,tP10,127",In1,In,Ho8,Cu4,Cu,4,Ho6,In2Cu,,,,,,,,
1530073.cif,Ge12InNi4Yb7,"Yb7Co4InGe12,tP24,83",Ge3,Ge,Ge4Ni2Yb2,Ge2Yb2,Ge,2,Ge2Ni2Yb2,Ge2Yb,,,,,,,,
1530073.cif,Ge12InNi4Yb7,"Yb7Co4InGe12,tP24,83",Ge2,Ge,Ge4Yb4,Ni2GeYb,Ge,1,Yb6,GeInNi,,,,,,,,
1530073.cif,Ge12InNi4Yb7,"Yb7Co4InGe12,tP24,83",In,In,Yb8,Ge4,Ge,4,Yb6,GeInNi,,,,,,,,
1323301.cif,Co4Ge12InYb7,"Yb7Co4InGe12,tP24,83",Ge3,Ge,Ge4Co2Yb2,Ge2Yb2,Ge,2,Co2Ge2Yb2,Ge2Yb,,,,,,,,
1323301.cif,Co4Ge12InYb7,"Yb7Co4InGe12,tP24,83",Ge2,Ge,Ge4Yb4,Co2GeYb,Ge,1,Yb6,CoGeIn,,,,,,,,
1323301.cif,Co4Ge12InYb7,"Yb7Co4InGe12,tP24,83",In,In,Yb8,Ge4,Ge,4,Yb6,CoGeIn,,,,,,,,
1323300.cif,Co4Ge12Ho7In,"Yb7Co4InGe12,tP24,83",Ge3,Ge,Ge4Co2Ho2,Ge2Ho2,Ge,2,Co2Ge2Ho2,Ge2Ho,,,,,,,,
1323300.cif,Co4Ge12Ho7In,"Yb7Co4InGe12,tP24,83",Ge2,Ge,Ge4Ho4,Co2GeHo,Ge,1,Ho6,CoGeIn,,,,,,,,
1323300.cif,Co4Ge12Ho7In,"Yb7Co4InGe12,tP24,83",In,In,Ho8,Ge4,Ge,4,Ho6,CoGeIn,,,,,,,,
1323299.cif,Co4Dy7Ge12In,"Yb7Co4InGe12,tP24,83",Ge3,Ge,Ge4Co2Dy2,Dy2Ge2,Ge,2,Co2Dy2Ge2,Ge2Dy,,,,,,,,
1323299.cif,Co4Dy7Ge12In,"Yb7Co4InGe12,tP24,83",Ge2,Ge,Dy4Ge4,Co2DyGe,Ge,1,Dy6,CoGeIn,,,,,,,,
1323299.cif,Co4Dy7Ge12In,"Yb7Co4InGe12,tP24,83",In,In,Dy8,Ge4,Ge,4,Dy6,CoGeIn,,,,,,,,
1537552.cif,Ge12InRu4Y7,"Yb7Co4InGe12,tP24,83",Ge3,Ge,Ge4Ru2Y2,Ge2Y2,Ge,2,Ge2Ru2Y2,Ge2Y,,,,,,,,
1537552.cif,Ge12InRu4Y7,"Yb7Co4InGe12,tP24,83",Ge2,Ge,Ge4Y4,Ru2GeY,Ge,1,Y6,GeInRu,,,,,,,,
1537552.cif,Ge12InRu4Y7,"Yb7Co4InGe12,tP24,83",In1,In,Y8,Ge4,Ge,4,Y6,GeInRu,,,,,,,,
1634042.cif,Al12Dy5Fe4Mg5Si6,"Mg5Dy5Fe4Al12Si6,tP32,123",Al1,Al,Dy2Fe2Mg2Si2,Al3Si,Al,1,Dy4Mg2,Al2Mg,,,,,,,,
1634042.cif,Al12Dy5Fe4Mg5Si6,"Mg5Dy5Fe4Al12Si6,tP32,123",Si2,Si,Al8,Dy2Fe2,Fe,2,Al4Si2,Mg2Si,,,,,,,,
1634042.cif,Al12Dy5Fe4Mg5Si6,"Mg5Dy5Fe4Al12Si6,tP32,123",Mg2,Mg,Dy8,Al4,Al,4,Dy4Mg2,Al2Mg,,,,,,,,
1634043.cif,Al12Fe4Gd5Mg5Si6,"Mg5Dy5Fe4Al12Si6,tP32,123",Al1,Al,Fe2Gd2Mg2Si2,Al3Si,Al,1,Gd4Mg2,Al2Mg,,,,,,,,
1634043.cif,Al12Fe4Gd5Mg5Si6,"Mg5Dy5Fe4Al12Si6,tP32,123",Si2,Si,Al8,Fe2Gd2,Fe,2,Al4Si2,Mg2Si,,,,,,,,
1634043.cif,Al12Fe4Gd5Mg5Si6,"Mg5Dy5Fe4Al12Si6,tP32,123",Mg2,Mg,Gd8,Al4,Al,4,Gd4Mg2,Al2Mg,,,,,,,,
1634044.cif,Al12Fe4Mg5Si6Y5,"Mg5Dy5Fe4Al12Si6,tP32,123",Al1,Al,Fe2Mg2Si2Y2,Al3Si,Al,1,Y4Mg2,Al2Mg,,,,,,,,
1634044.cif,Al12Fe4Mg5Si6Y5,"Mg5Dy5Fe4Al12Si6,tP32,123",Si2,Si,Al8,Fe2Y2,Fe,2,Al4Si2,Mg2Si,,,,,,,,
1634044.cif,Al12Fe4Mg5Si6Y5,"Mg5Dy5Fe4Al12Si6,tP32,123",Mg2,Mg,Y8,Al4,Al,4,Y4Mg2,Al2Mg,,,,,,,,
261386.cif,Ga2Zr3,"U3Si2,tP10,127",Zr1,Zr,Zr8,Ga4,Ga,4,Zr6,Zr2Ga,,,,,,,,
260255.cif,Ga2Th3,"U3Si2,tP10,127",Th2,Th,Th8,Ga4,Ga,4,Th6,Th2Ga,,,,,,,,
532143.cif,Si2U3,"U3Si2,tP10,127",UI,U,U8,Si4,Si,4,U6,U2Si,,,,,,,,
528429.cif,Be2Nb3,"U3Si2,tP10,127",Nb1,Nb,Nb8,Be4,Be,4,Nb6,Nb2Be,,,,,,,,
533820.cif,Al2Th3,"U3Si2,tP10,127",Th1,Th,Th8,Al4,Al,4,Th6,Th2Al,,,,,,,,
451092.cif,Si2U3,"U3Si2,tP10,127",UI,U,U8,Si4,Si,4,U6,U2Si,,,,,,,,
454784.cif,Ge2Th3,"U3Si2,tP10,127",ThI,Th,Th8,Ge4,Ge,4,Th6,Th2Ge,,,,,,,,
455022.cif,Al2Th3,"U3Si2,tP10,127",ThI,Th,Th8,Al4,Al,4,Th6,Th2Al,,,,,,,,
451199.cif,Al2Th3,"U3Si2,tP10,127",Th1,Th,Th8,Al4,Al,4,Th6,Th2Al,,,,,,,,
1703613.cif,AlSi2Yb2,"U3Si2,tP10,127",Al,Al,Yb8,Si4,Si,4,Yb6,Al2Si,,,,,,,,
1502335.cif,Si2U3,"U3Si2,tP10,127",U1,U,U8,Si4,Si,4,U6,U2Si,,,,,,,,
450099.cif,Ag2Eu3,"U3Si2,tP10,127",Eu1,Eu,Eu8,Ag4,Ag,4,Eu6,Eu2Ag,,,,,,,,
531728.cif,La3Si2,"U3Si2,tP10,127",La(1),La,La8,Si4,Si,4,La6,La2Si,,,,,,,,
1606192.cif,B2Nb3,"U3Si2,tP10,127",Nb1,Nb,Nb8,B4,B,4,Nb6,Nb2B,,,,,,,,
251248.cif,Ag2Yb3,"U3Si2,tP10,127",Yb1,Yb,Yb8,Ag4,Ag,4,Yb6,Yb2Ag,,,,,,,,
1632946.cif,Au2Y3,"U3Si2,tP10,127",Y1,Y,Y8,Au4,Au,4,Y6,Y2Au,,,,,,,,
1250893.cif,Si2U3,"U3Si2,tP10,127",U1,U,U8,Si4,Si,4,U6,U2Si,,,,,,,,
1301652.cif,Hg2Sr3,"U3Si2,tP10,127",Sr1,Sr,Sr8,Hg4,Hg,4,Sr6,Sr2Hg,,,,,,,,
532679.cif,Ga2Nb3,"U3Si2,tP10,127",Nb1,Nb,Nb8,Ga4,Ga,4,Nb6,Nb2Ga,,,,,,,,
1351343.cif,Au2La3,"U3Si2,tP10,127",La2,La,La8,Au4,Au,4,La6,La2Au,,,,,,,,
528522.cif,Hf3Si2,"U3Si2,tP10,127",Hf1,Hf,Hf8,Si4,Si,4,Hf6,Hf2Si,,,,,,,,
1236242.cif,Si2Zr3,"U3Si2,tP10,127",Zr2,Zr,Zr8,Si4,Si,4,Zr6,Zr2Si,,,,,,,,
1340409.cif,Si2U3,"U3Si2,tP10,127",U2,U,U8,Si4,Si,4,U6,U2Si,,,,,,,,
1147835.cif,Er3Pd2,"U3Si2,tP10,127",Er1,Er,Er8,Pd4,Pd,4,Er6,Er2Pd,,,,,,,,
530873.cif,Si2Th3,"U3Si2,tP10,127",Th1,Th,Th8,Si4,Si,4,Th6,Th2Si,,,,,,,,
1606193.cif,B2Ta3,"U3Si2,tP10,127",Ta1,Ta,Ta8,B4,B,4,Ta6,Ta2B,,,,,,,,
261543.cif,Ge2Hf3,"U3Si2,tP10,127",Hf2,Hf,Hf8,Ge4,Ge,4,Hf6,Hf2Ge,,,,,,,,
453441.cif,B2V3,"U3Si2,tP10,127",V2,V,V8,B4,B,4,V6,V2B,,,,,,,,
251852.cif,Er3Pd2,"U3Si2,tP10,127",Er2,Er,Er8,Pd4,Pd,4,Er6,Er2Pd,,,,,,,,
1224377.cif,Ce3Si2,"U3Si2,tP10,127",Ce2,Ce,Ce8,Si4,Si,4,Ce6,Ce2Si,,,,,,,,
550032.cif,La3Si2,"U3Si2,tP10,127",La2,La,La8,Si4,Si,4,La6,La2Si,,,,,,,,
454278.cif,Ce3Si2,"U3Si2,tP10,127",Ce2,Ce,Ce8,Si4,Si,4,Ce6,Ce2Si,,,,,,,,
261421.cif,B2Ta3,"U3Si2,tP10,127",Ta2,Ta,Ta8,B4,B,4,Ta6,Ta2B,,,,,,,,
528903.cif,Ge2Hf3,"U3Si2,tP10,127",Hf2,Hf,Hf8,Ge4,Ge,4,Hf6,Hf2Ge,,,,,,,,
262147.cif,Ga2Ta3,"U3Si2,tP10,127",Ta2,Ta,Ta8,Ga4,Ga,4,Ta6,Ta2Ga,,,,,,,,
531729.cif,Ce3Si2,"U3Si2,tP10,127",Ce2,Ce,Ce8,Si4,Si,4,Ce6,Ce2Si,,,,,,,,
532888.cif,B2Mo3,"U3Si2,tP10,127",Mo2,Mo,Mo8,B4,B,4,Mo6,Mo2B,,,,,,,,
531730.cif,Pr3Si2,"U3Si2,tP10,127",Pr2,Pr,Pr8,Si4,Si,4,Pr6,Pr2Si,,,,,,,,
261435.cif,B2V3,"U3Si2,tP10,127",V2,V,V8,B4,B,4,V6,V2B,,,,,,,,
1828668.cif,Pu3Si2,"U3Si2,tP10,127",Pu2,Pu,Pu8,Si4,Si,4,Pu6,Pu2Si,,,,,,,,
1922116.cif,Si2U3,"U3Si2,tP10,127",U2,U,U8,Si4,Si,4,U6,U2Si,,,,,,,,
251853.cif,Gd3Pd2,"U3Si2,tP10,127",Gd2,Gd,Gd8,Pd4,Pd,4,Gd6,Gd2Pd,,,,,,,,
313400.cif,B2V3,"U3Si2,tP10,127",V2,V,V8,B4,B,4,V6,V2B,,,,,,,,
313401.cif,Al2Th3,"U3Si2,tP10,127",Th2,Th,Th8,Al4,Al,4,Th6,Th2Al,,,,,,,,
457443.cif,B2V3,"U3Si2,tP10,127",V2,V,V8,B4,B,4,V6,V2B,,,,,,,,
532640.cif,Ce3Si2,"U3Si2,tP10,127",Ce2,Ce,Ce8,Si4,Si,4,Ce6,Ce2Si,,,,,,,,
313395.cif,Si2U3,"U3Si2,tP10,127",U2,U,U8,Si4,Si,4,U6,U2Si,,,,,,,,
451339.cif,Be2Ta3,"U3Si2,tP10,127",Ta2,Ta,Ta8,Be4,Be,4,Ta6,Ta2Be,,,,,,,,
454432.cif,Si2U3,"U3Si2,tP10,127",U2,U,U8,Si4,Si,4,U6,U2Si,,,,,,,,
450912.cif,Hg2Sr3,"U3Si2,tP10,127",Sr2,Sr,Sr8,Hg4,Hg,4,Sr6,Sr2Hg,,,,,,,,
531321.cif,Ga2Ta3,"U3Si2,tP10,127",Ta2,Ta,Ta8,Ga4,Ga,4,Ta6,Ta2Ga,,,,,,,,
457556.cif,B2Nb3,"U3Si2,tP10,127",Nb2,Nb,Nb8,B4,B,4,Nb6,Nb2B,,,,,,,,
1810085.cif,Si2U3,"U3Si2,tP10,127",U2,U,U8,Si4,Si,4,U6,U2Si,,,,,,,,
532746.cif,Ge2Th3,"U3Si2,tP10,127",Th2,Th,Th8,Ge4,Ge,4,Th6,Th2Ge,,,,,,,,
531148.cif,Hf3Si2,"U3Si2,tP10,127",Hf2,Hf,Hf8,Si4,Si,4,Hf6,Hf2Si,,,,,,,,
1810095.cif,Np3Si2,"U3Si2,tP10,127",Np2,Np,Np8,Si4,Si,4,Np6,Np2Si,,,,,,,,
526245.cif,Si2Th3,"U3Si2,tP10,127",Th2,Th,Th8,Si4,Si,4,Th6,Th2Si,,,,,,,,
1606168.cif,La3Si2,"U3Si2,tP10,127",La2,La,La8,Si4,Si,4,La6,La2Si,,,,,,,,
1908163.cif,Si2U3,"U3Si2,tP10,127",U2,U,U8,Si4,Si,4,U6,U2Si,,,,,,,,
1922103.cif,Si2U3,"U3Si2,tP10,127",U2,U,U8,Si4,Si,4,U6,U2Si,,,,,,,,
532610.cif,Ce3Si2,"U3Si2,tP10,127",Ce2,Ce,Ce8,Si4,Si,4,Ce6,Ce2Si,,,,,,,,
1823942.cif,B2V3,"U3Si2,tP10,127",V2,V,V8,B4,B,4,V6,V2B,,,,,,,,
1818043.cif,La3Si2,"U3Si2,tP10,127",La2,La,La8,Si4,Si,4,La6,La2Si,,,,,,,,
528833.cif,Ga2Zr3,"U3Si2,tP10,127",Zr2,Zr,Zr8,Ga4,Ga,4,Zr6,Zr2Ga,,,,,,,,
1615201.cif,Ce3Si2,"U3Si2,tP10,127",Ce2,Ce,Ce8,Si4,Si,4,Ce6,Ce2Si,,,,,,,,
1229642.cif,Hf3Si2,"U3Si2,tP10,127",Hf2,Hf,Hf8,Si4,Si,4,Hf6,Hf2Si,,,,,,,,
457522.cif,B2Nb3,"U3Si2,tP10,127",Nb2,Nb,Nb8,B4,B,4,Nb6,Nb2B,,,,,,,,
526308.cif,La3Si2,"U3Si2,tP10,127",La2,La,La8,Si4,Si,4,La6,La2Si,,,,,,,,
261429.cif,B2Nb3,"U3Si2,tP10,127",Nb2,Nb,Nb8,B4,B,4,Nb6,Nb2B,,,,,,,,
250118.cif,Ge2Th3,"U3Si2,tP10,127",Th2,Th,Th8,Ge4,Ge,4,Th6,Th2Ge,,,,,,,,
525943.cif,Ce3Si2,"U3Si2,tP10,127",Ce2,Ce,Ce8,Si4,Si,4,Ce6,Ce2Si,,,,,,,,
555371.cif,Si2U3,"U3Si2,tP10,127",U2,U,U8,Si4,Si,4,U6,U2Si,,,,,,,,
1056648.cif,B2V3,"U3Si2,tP10,127",V2,V,V8,B4,B,4,V6,V2B,,,,,,,,
1229876.cif,Pr3Si2,"U3Si2,tP10,127",Pr2,Pr,Pr8,Si4,Si,4,Pr6,Pr2Si,,,,,,,,
533598.cif,Gd3Pd2,"U3Si2,tP10,127",Gd2,Gd,Gd8,Pd4,Pd,4,Gd6,Gd2Pd,,,,,,,,
313399.cif,B2Nb3,"U3Si2,tP10,127",Nb2,Nb,Nb8,B4,B,4,Nb6,Nb2B,,,,,,,,
532744.cif,Si2Th3,"U3Si2,tP10,127",Th2,Th,Th8,Si4,Si,4,Th6,Th2Si,,,,,,,,
251851.cif,Dy3Pd2,"U3Si2,tP10,127",Dy2,Dy,Dy8,Pd4,Pd,4,Dy6,Dy2Pd,,,,,,,,
313397.cif,B2Mo3,"U3Si2,tP10,127",Mo2,Mo,Mo8,B4,B,4,Mo6,Mo2B,,,,,,,,
532612.cif,Si2U3,"U3Si2,tP10,127",U2,U,U8,Si4,Si,4,U6,U2Si,,,,,,,,
532611.cif,Si2Th3,"U3Si2,tP10,127",Th2,Th,Th8,Si4,Si,4,Th6,Th2Si,,,,,,,,
532869.cif,Si2Zr3,"U3Si2,tP10,127",Zr2,Zr,Zr8,Si4,Si,4,Zr6,Zr2Si,,,,,,,,
1606165.cif,Ce3Si2,"U3Si2,tP10,127",Ce2,Ce,Ce8,Si4,Si,4,Ce6,Ce2Si,,,,,,,,
1606176.cif,Si2U3,"U3Si2,tP10,127",U2,U,U8,Si4,Si,4,U6,U2Si,,,,,,,,
527561.cif,Ga2Ta3,"U3Si2,tP10,127",Ta2,Ta,Ta8,Ga4,Ga,4,Ta6,Ta2Ga,,,,,,,,
313402.cif,Ge2Th3,"U3Si2,tP10,127",Th2,Th,Th8,Ge4,Ge,4,Th6,Th2Ge,,,,,,,,
1817969.cif,La3Si2,"U3Si2,tP10,127",La2,La,La8,Si4,Si,4,La6,La2Si,,,,,,,,
457442.cif,B2Nb3,"U3Si2,tP10,127",Nb2,Nb,Nb8,B4,B,4,Nb6,Nb2B,,,,,,,,
526246.cif,Al2Th3,"U3Si2,tP10,127",Th2,Th,Th8,Al4,Al,4,Th6,Th2Al,,,,,,,,
526309.cif,Ce3Si2,"U3Si2,tP10,127",Ce2,Ce,Ce8,Si4,Si,4,Ce6,Ce2Si,,,,,,,,
532870.cif,Hf3Si2,"U3Si2,tP10,127",Hf2,Hf,Hf8,Si4,Si,4,Hf6,Hf2Si,,,,,,,,
251703.cif,Ca3Hg2,"U3Si2,tP10,127",Ca2,Ca,Ca8,Hg4,Hg,4,Ca6,Ca2Hg,,,,,,,,
532738.cif,Ga2Ta3,"U3Si2,tP10,127",Ta2,Ta,Ta8,Ga4,Ga,4,Ta6,Ta2Ga,,,,,,,,
454184.cif,Pu3Si2,"U3Si2,tP10,127",Pu2,Pu,Pu8,Si4,Si,4,Pu6,Pu2Si,,,,,,,,
312473.cif,Ag2Eu3,"U3Si2,tP10,127",Eu2,Eu,Eu8,Ag4,Ag,4,Eu6,Eu2Ag,,,,,,,,
458386.cif,Si2U3,"U3Si2,tP10,127",U2,U,U8,Si4,Si,4,U6,U2Si,,,,,,,,
526244.cif,Si2U3,"U3Si2,tP10,127",U2,U,U8,Si4,Si,4,U6,U2Si,,,,,,,,
456175.cif,Np3Si2,"U3Si2,tP10,127",Np2,Np,Np8,Si4,Si,4,Np6,Np2Si,,,,,,,,
251854.cif,Ho3Pd2,"U3Si2,tP10,127",Ho2,Ho,Ho8,Pd4,Pd,4,Ho6,Ho2Pd,,,,,,,,
313398.cif,B2Ta3,"U3Si2,tP10,127",Ta2,Ta,Ta8,B4,B,4,Ta6,Ta2B,,,,,,,,
1825024.cif,Ga2Zr3,"U3Si2,tP10,127",Zr2,Zr,Zr8,Ga4,Ga,4,Zr6,Zr2Ga,,,,,,,,
1921812.cif,B2V3,"U3Si2,tP10,127",V2,V,V8,B4,B,4,V6,V2B,,,,,,,,
1921915.cif,Ce3Si2,"U3Si2,tP10,127",Ce2,Ce,Ce8,Si4,Si,4,Ce6,Ce2Si,,,,,,,,
1938058.cif,Pr3Si2,"U3Si2,tP10,127",Pr2,Pr,Pr8,Si4,Si,4,Pr6,Pr2Si,,,,,,,,
457499.cif,B2Ta3,"U3Si2,tP10,127",Ta2,Ta,Ta8,B4,B,4,Ta6,Ta2B,,,,,,,,
457406.cif,B2Ta3,"U3Si2,tP10,127",Ta2,Ta,Ta8,B4,B,4,Ta6,Ta2B,,,,,,,,
1720929.cif,Si2Zr3,"U3Si2,tP10,127",Zr2,Zr,Zr8,Si4,Si,4,Zr6,Zr2Si,,,,,,,,
1933823.cif,Ce3Si2,"U3Si2,tP10,127",Ce2,Ce,Ce8,Si4,Si,4,Ce6,Ce2Si,,,,,,,,
1817975.cif,Ce3Si2,"U3Si2,tP10,127",Ce2,Ce,Ce8,Si4,Si,4,Ce6,Ce2Si,,,,,,,,
454779.cif,B2Ta3,"U3Si2,tP10,127",Ta2,Ta,Ta8,B4,B,4,Ta6,Ta2B,,,,,,,,
525881.cif,Ag2Yb3,"U3Si2,tP10,127",Yb2,Yb,Yb8,Ag4,Ag,4,Yb6,Yb2Ag,,,,,,,,
1636744.cif,Al17Fe4Si6Yb5,"Yb5Fe4Al17Si6,tP32,123",Al3,Al,Al2Fe2Si2Yb2,Al3Si,Al,1,Yb4Al2,Al3,,,,,,,,
1636744.cif,Al17Fe4Si6Yb5,"Yb5Fe4Al17Si6,tP32,123",Si2,Si,Al8,Fe2Yb2,Fe,2,Al4Si2,Al2Si,,,,,,,,
1636744.cif,Al17Fe4Si6Yb5,"Yb5Fe4Al17Si6,tP32,123",Al2,Al,Yb8,Al4,Al,4,Yb4Al2,Al3,,,,,,,,
1220943.cif,Er17Ru6Te3,"Er17Ru6Te3,mS104,12",Er8,Er,Er6Ru2,Er2RuTe,Ru,1,Er6,Er2Ru,Te,1,Er6,Er3,,,,
1220943.cif,Er17Ru6Te3,"Er17Ru6Te3,mS104,12",Er14,Er,Er6Ru2,Er2RuTe,Ru,1,Er6,Er2Ru,Te,1,Er6,Er3,,,,
1220943.cif,Er17Ru6Te3,"Er17Ru6Te3,mS104,12",Er6,Er,Er6Ru2,Er2RuTe,Ru,1,Er6,Er3,Te,1,Er6,Er3,,,,
1220943.cif,Er17Ru6Te3,"Er17Ru6Te3,mS104,12",Er16,Er,Er6Ru2,Er2RuTe,Ru,1,Er6,Er3,Te,1,Er6,Er3,,,,
1220943.cif,Er17Ru6Te3,"Er17Ru6Te3,mS104,12",Er5,Er,Er6Ru2,Er2RuTe,Ru,1,Er6,Er3,Te,1,Er6,Er3,,,,
1220943.cif,Er17Ru6Te3,"Er17Ru6Te3,mS104,12",Er2,Er,Er6Ru2,Er2RuTe,Ru,1,Er6,Er3,Te,1,Er6,Er3,,,,
1220943.cif,Er17Ru6Te3,"Er17Ru6Te3,mS104,12",Er4,Er,Er6Ru2,Er2RuTe,Ru,1,Er6,Er3,Te,1,Er6,Er3,,,,
1220943.cif,Er17Ru6Te3,"Er17Ru6Te3,mS104,12",Er10,Er,Er8,Ru2Te2,Ru,2,Er6,Er2Ru,Te,2,Er6,Er3,,,,
1220943.cif,Er17Ru6Te3,"Er17Ru6Te3,mS104,12",Er9,Er,Er8,Ru2Te2,Ru,2,Er6,Er2Ru,Te,2,Er6,Er3,,,,
1219678.cif,Mn2Sn5Yb4,"Yb4Mn2Sn5,mS22,12",Mn1,Mn,Yb4Mn2Sn2,Sn2Yb2,Sn,1,Yb4Mn2,MnSnYb,Sn,1,Yb6,Sn2Mn,,,,
1219678.cif,Mn2Sn5Yb4,"Yb4Mn2Sn5,mS22,12",Sn2,Sn,Yb8,Sn4,Sn,2,Yb4Mn2,MnSnYb,Sn,2,Yb6,Sn2Mn,,,,
1905613.cif,Nb5Ni4P4,"Cu4Nb5Si4,tI26,87",Ni,Ni,Ni4Nb2P2,Nb2NiP,P,1,Nb4Ni2,Nb2Ni,,,,,,,,
1905613.cif,Nb5Ni4P4,"Cu4Nb5Si4,tI26,87",Nb1,Nb,Nb8,P4,P,4,Nb4Ni2,Nb2Ni,,,,,,,,
1904571.cif,Nb5P4Pd4,"Cu4Nb5Si4,tI26,87",Pd,Pd,Pd4Nb2P2,Nb2PPd,P,1,Nb4Pd2,Nb2Pd,,,,,,,,
1904571.cif,Nb5P4Pd4,"Cu4Nb5Si4,tI26,87",Nb1,Nb,Nb8,P4,P,4,Nb4Pd2,Nb2Pd,,,,,,,,
1008474.cif,Ge4Li4Yb5,"Cu4Nb5Si4,tI26,87",Li,Li,Li4Ge2Yb2,Yb2GeLi,Li,1,Li4Ge2,GeLiYb,Ge,1,Yb4Li2,Yb2Li,,,,
1008474.cif,Ge4Li4Yb5,"Cu4Nb5Si4,tI26,87",Yb2,Yb,Yb8,Ge4,Ge,4,Yb4Li2,Yb2Li,,,,,,,,
1946085.cif,Eu5Ge4Na4,"Cu4Nb5Si4,tI26,87",Na,Na,Na4Eu2Ge2,Eu2GeNa,Ge,1,Eu4Na2,Eu2Na,Na,1,Na4Ge2,EuGeNa,,,,
1946085.cif,Eu5Ge4Na4,"Cu4Nb5Si4,tI26,87",Eu2,Eu,Eu8,Ge4,Ge,4,Eu4Na2,Eu2Na,,,,,,,,
1921746.cif,Si4Zn4Zr5,"Cu4Nb5Si4,tI26,87",Zn,Zn,Zn4Si2Zr2,Zr2SiZn,Si,1,Zr4Zn2,Zr2Zn,,,,,,,,
1921746.cif,Si4Zn4Zr5,"Cu4Nb5Si4,tI26,87",Zr2,Zr,Zr8,Si4,Si,4,Zr4Zn2,Zr2Zn,,,,,,,,
1412721.cif,As4Nb5Pd4,"Cu4Nb5Si4,tI26,87",Pd,Pd,Pd4As2Nb2,Nb2AsPd,As,1,Nb4Pd2,Nb2Pd,,,,,,,,
1412721.cif,As4Nb5Pd4,"Cu4Nb5Si4,tI26,87",Nb1,Nb,Nb8,As4,As,4,Nb4Pd2,Nb2Pd,,,,,,,,
303263.cif,Cu4Nb5Si4,"Cu4Nb5Si4,tI26,87",Cu,Cu,Cu4Nb2Si2,Nb2CuSi,Si,1,Nb4Cu2,Nb2Cu,,,,,,,,
303263.cif,Cu4Nb5Si4,"Cu4Nb5Si4,tI26,87",NbII,Nb,Nb8,Si4,Si,4,Nb4Cu2,Nb2Cu,,,,,,,,
1007887.cif,Nb5Ni4P4,"Cu4Nb5Si4,tI26,87",Ni1,Ni,Ni4Nb2P2,Nb2NiP,P,1,Nb4Ni2,Nb2Ni,,,,,,,,
1007887.cif,Nb5Ni4P4,"Cu4Nb5Si4,tI26,87",Nb2,Nb,Nb8,P4,P,4,Nb4Ni2,Nb2Ni,,,,,,,,
1007886.cif,Ni4P4Ta5,"Cu4Nb5Si4,tI26,87",Ni1,Ni,Ni4P2Ta2,Ta2NiP,P,1,Ta4Ni2,Ta2Ni,,,,,,,,
1007886.cif,Ni4P4Ta5,"Cu4Nb5Si4,tI26,87",Ta2,Ta,Ta8,P4,P,4,Ta4Ni2,Ta2Ni,,,,,,,,
1948391.cif,Nb5Ni4P4,"Cu4Nb5Si4,tI26,87",Ni1,Ni,Ni4Nb2P2,Nb2NiP,P,1,Nb4Ni2,Nb2Ni,,,,,,,,
1948391.cif,Nb5Ni4P4,"Cu4Nb5Si4,tI26,87",Nb2,Nb,Nb8,P4,P,4,Nb4Ni2,Nb2Ni,,,,,,,,
1008974.cif,Cu4Nb5Si4,"Cu4Nb5Si4,tI26,87",Cu1,Cu,Cu4Nb2Si2,Nb2CuSi,Si,1,Nb4Cu2,Nb2Cu,,,,,,,,
1008974.cif,Cu4Nb5Si4,"Cu4Nb5Si4,tI26,87",Nb2,Nb,Nb8,Si4,Si,4,Nb4Cu2,Nb2Cu,,,,,,,,
1003548.cif,Ni2P4Zr9,"Zr9Ni2P4,tP30,127",Zr3,Zr,Zr8,P2NiZr,Ni,1,Zr6,P2Zr,P,2,Zr6,Zr2Ni,,,,
1003548.cif,Ni2P4Zr9,"Zr9Ni2P4,tP30,127",Zr1,Zr,Zr8,P4,P,4,Zr6,Zr2Ni,,,,,,,,
1003549.cif,Co2P4Zr9,"Zr9Ni2P4,tP30,127",Zr3,Zr,Zr8,P2CoZr,P,2,Zr6,Zr2Co,Co,1,Zr6,P2Zr,,,,
1003549.cif,Co2P4Zr9,"Zr9Ni2P4,tP30,127",Zr4,Zr,Zr8,P4,P,4,Zr6,Zr2Co,,,,,,,,
1224596.cif,Ni4Sn13Yb7,"Ca7Ni4Sn13,tP24,83",Sn2,Sn,Sn4Ni2Yb2,Sn2Yb2,Sn,2,Ni2Sn2Yb2,Sn2Yb,,,,,,,,
1224596.cif,Ni4Sn13Yb7,"Ca7Ni4Sn13,tP24,83",Sn1,Sn,Sn4Yb4,Ni2SnYb,Sn,1,Yb6,Sn2Ni,,,,,,,,
1224596.cif,Ni4Sn13Yb7,"Ca7Ni4Sn13,tP24,83",Sn4,Sn,Yb8,Sn4,Sn,4,Yb6,Sn2Ni,,,,,,,,
539355.cif,Ca7Ni4Sn13,"Ca7Ni4Sn13,tP24,83",Sn2,Sn,Sn4Ca2Ni2,Ca2Sn2,Sn,2,Ca2Ni2Sn2,Sn2Ca,,,,,,,,
539355.cif,Ca7Ni4Sn13,"Ca7Ni4Sn13,tP24,83",Sn1,Sn,Ca4Sn4,Ni2CaSn,Sn,1,Ca6,Sn2Ni,,,,,,,,
539355.cif,Ca7Ni4Sn13,"Ca7Ni4Sn13,tP24,83",Sn4,Sn,Ca8,Sn4,Sn,4,Ca6,Sn2Ni,,,,,,,,
1250216.cif,Pb3Sr2,"Sr2Pb3,tP10,127",Pb2,Pb,Sr8,Pb4,Pb,4,Sr6,Pb3,,,,,,,,
450139.cif,Pb3Sr2,"Sr2Pb3,tP10,127",Pb2,Pb,Sr8,Pb4,Pb,4,Sr6,Pb3,,,,,,,,
1147834.cif,Pd2Tb3,"Tb3Pd2,oP20,55",Tb2,Tb,Tb8,Pd4,Pd,2,Tb6,Tb2Pd,Pd,2,Tb6,Tb2Pd,,,,
1631452.cif,Al6Ce11Ru2,"La11Ru2Al6,oP38,55",Ce4,Ce,Ce6Al2,Al2CeRu,Ru,1,Ce4Al2,Ce2Al,Al,1,Ce6,Ce3,Al,1,Ce6,Ce2Ru
1631452.cif,Al6Ce11Ru2,"La11Ru2Al6,oP38,55",Ce6,Ce,Ce8,Al4,Al,2,Ce6,Ce3,Al,2,Ce6,Ce2Ru,,,,
1631451.cif,Al6La11Ru2,"La11Ru2Al6,oP38,55",La4,La,La6Al2,Al2LaRu,Ru,1,La4Al2,La2Al,Al,1,La6,La3,Al,1,La6,La2Ru
1631451.cif,Al6La11Ru2,"La11Ru2Al6,oP38,55",La6,La,La8,Al4,Al,2,La6,La3,Al,2,La6,La2Ru,,,,
1945434.cif,In9Ni4Tb11,"Nd11Pd4In9,oS48,65",In3,In,Tb8,Ni4,Ni,4,Tb6,In3,,,,,,,,
1945435.cif,Ho11In9Ni4,"Nd11Pd4In9,oS48,65",In3,In,Ho8,Ni4,Ni,4,Ho6,In3,,,,,,,,
1432058.cif,Co4Dy11In9,"Nd11Pd4In9,oS48,65",In3,In,Dy8,Co4,Co,4,Dy6,In3,,,,,,,,
1723880.cif,In9Ni4Tb11,"Nd11Pd4In9,oS48,65",In3,In,Tb8,Ni4,Ni,4,Tb6,In3,,,,,,,,
1930319.cif,Co4Ho11In9,"Nd11Pd4In9,oS48,65",In3,In,Ho8,Co4,Co,4,Ho6,In3,,,,,,,,
1630076.cif,Gd11In9Ni4,"Nd11Pd4In9,oS48,65",In3,In,Gd8,Ni4,Ni,4,Gd6,In3,,,,,,,,
1942247.cif,Dy11In9Pd4,"Nd11Pd4In9,oS48,65",In3,In,Dy8,Pd4,Pd,4,Dy6,In3,,,,,,,,
1840443.cif,Co4Dy11In9,"Nd11Pd4In9,oS48,65",In3,In,Dy8,Co4,Co,4,Dy6,In3,,,,,,,,
1962147.cif,In9Pd4Y11,"Nd11Pd4In9,oS48,65",In3,In,Y8,Pd4,Pd,4,Y6,In3,,,,,,,,
1630078.cif,In9Ni4Y11,"Nd11Pd4In9,oS48,65",In3,In,Y8,Ni4,Ni,4,Y6,In3,,,,,,,,
1942243.cif,In9Nd11Pd4,"Nd11Pd4In9,oS48,65",In3,In,Nd8,Pd4,Pd,4,Nd6,In3,,,,,,,,
1840444.cif,Co4Ho11In9,"Nd11Pd4In9,oS48,65",In3,In,Ho8,Co4,Co,4,Ho6,In3,,,,,,,,
1124270.cif,In9Nd11Pd4,"Nd11Pd4In9,oS48,65",In3,In,Nd8,Pd4,Pd,4,Nd6,In3,,,,,,,,
1630071.cif,In9La11Ni4,"Nd11Pd4In9,oS48,65",In3,In,La8,Ni4,Ni,4,La6,In3,,,,,,,,
1962148.cif,Gd11In9Pd4,"Nd11Pd4In9,oS48,65",In3,In,Gd8,Pd4,Pd,4,Gd6,In3,,,,,,,,
1536411.cif,Co4In9Y11,"Nd11Pd4In9,oS48,65",In3,In,Y8,Co4,Co,4,Y6,In3,,,,,,,,
1432059.cif,Co4Ho11In9,"Nd11Pd4In9,oS48,65",In3,In,Ho8,Co4,Co,4,Ho6,In3,,,,,,,,
1432057.cif,Co4Gd11In9,"Nd11Pd4In9,oS48,65",In3,In,Gd8,Co4,Co,4,Gd6,In3,,,,,,,,
1723881.cif,Dy11In9Ni4,"Nd11Pd4In9,oS48,65",In3,In,Dy8,Ni4,Ni,4,Dy6,In3,,,,,,,,
1840442.cif,Co4In9Tb11,"Nd11Pd4In9,oS48,65",In3,In,Tb8,Co4,Co,4,Tb6,In3,,,,,,,,
1630073.cif,In9Ni4Pr11,"Nd11Pd4In9,oS48,65",In3,In,Pr8,Ni4,Ni,4,Pr6,In3,,,,,,,,
1140837.cif,In9Pd4Tb11,"Nd11Pd4In9,oS48,65",In3,In,Tb8,Pd4,Pd,4,Tb6,In3,,,,,,,,
1141550.cif,Dy11In9Ni4,"Nd11Pd4In9,oS48,65",In3,In,Dy8,Ni4,Ni,4,Dy6,In3,,,,,,,,
1962150.cif,Dy11In9Pd4,"Nd11Pd4In9,oS48,65",In3,In,Dy8,Pd4,Pd,4,Dy6,In3,,,,,,,,
1840445.cif,Co4Er11In9,"Nd11Pd4In9,oS48,65",In3,In,Er8,Co4,Co,4,Er6,In3,,,,,,,,
1942246.cif,In9Pd4Tb11,"Nd11Pd4In9,oS48,65",In3,In,Tb8,Pd4,Pd,4,Tb6,In3,,,,,,,,
1630075.cif,In9Ni4Sm11,"Nd11Pd4In9,oS48,65",In3,In,Sm8,Ni4,Ni,4,Sm6,In3,,,,,,,,
1962152.cif,Er11In9Pd4,"Nd11Pd4In9,oS48,65",In3,In,Er8,Pd4,Pd,4,Er6,In3,,,,,,,,
1942242.cif,In9Pd4Pr11,"Nd11Pd4In9,oS48,65",In3,In,Pr8,Pd4,Pd,4,Pr6,In3,,,,,,,,
1630074.cif,In9Nd11Ni4,"Nd11Pd4In9,oS48,65",In3,In,Nd8,Ni4,Ni,4,Nd6,In3,,,,,,,,
1350692.cif,Gd11In9Ni4,"Nd11Pd4In9,oS48,65",In3,In,Gd8,Ni4,Ni,4,Gd6,In3,,,,,,,,
1141637.cif,Ce11In9Ni4,"Nd11Pd4In9,oS48,65",In3,In,Ce8,Ni4,Ni,4,Ce6,In3,,,,,,,,
1962149.cif,In9Pd4Tb11,"Nd11Pd4In9,oS48,65",In3,In,Tb8,Pd4,Pd,4,Tb6,In3,,,,,,,,
1229701.cif,Co4Ho11In9,"Nd11Pd4In9,oS48,65",In3,In,Ho8,Co4,Co,4,Ho6,In3,,,,,,,,
1630072.cif,Ce11In9Ni4,"Nd11Pd4In9,oS48,65",In3,In,Ce8,Ni4,Ni,4,Ce6,In3,,,,,,,,
1962151.cif,Ho11In9Pd4,"Nd11Pd4In9,oS48,65",In3,In,Ho8,Pd4,Pd,4,Ho6,In3,,,,,,,,
1630077.cif,In9Ni4Tb11,"Nd11Pd4In9,oS48,65",In3,In,Tb8,Ni4,Ni,4,Tb6,In3,,,,,,,,
1942244.cif,In9Pd4Sm11,"Nd11Pd4In9,oS48,65",In3,In,Sm8,Pd4,Pd,4,Sm6,In3,,,,,,,,
1222164.cif,Ce11In9Pd4,"Nd11Pd4In9,oS48,65",In3,In,Ce8,Pd4,Pd,4,Ce6,In3,,,,,,,,
1942245.cif,Gd11In9Pd4,"Nd11Pd4In9,oS48,65",In3,In,Gd8,Pd4,Pd,4,Gd6,In3,,,,,,,,
1217716.cif,In9Nd11Pd4,"Nd11Pd4In9,oS48,65",In3,In,Nd8,Pd4,Pd,4,Nd6,In3,,,,,,,,
1723884.cif,In9Ni4Tm11,"Nd11Pd4In9,oS48,65",In3,In,Tm8,Ni4,Ni,4,Tm6,In3,,,,,,,,
1723879.cif,Gd11In9Ni4,"Nd11Pd4In9,oS48,65",In3,In,Gd8,Ni4,Ni,4,Gd6,In3,,,,,,,,
1031035.cif,Ce11In9Ru4,"Nd11Pd4In9,oS48,65",In3,In,Ce8,Ru4,Ru,4,Ce6,In3,,,,,,,,
1723878.cif,In9Nd11Ni4,"Nd11Pd4In9,oS48,65",In3,In,Nd8,Ni4,Ni,4,Nd6,In3,,,,,,,,
1031037.cif,Ce11In9Ru4,"Nd11Pd4In9,oS48,65",In3,In,Ce8,Ru4,Ru,4,Ce6,In3,,,,,,,,
1723883.cif,Er11In9Ni4,"Nd11Pd4In9,oS48,65",In3,In,Er8,Ni4,Ni,4,Er6,In3,,,,,,,,
1229705.cif,Co4Er11In9,"Nd11Pd4In9,oS48,65",In3,In,Er8,Co4,Co,4,Er6,In3,,,,,,,,
1833533.cif,In9Ni4Tm11,"Nd11Pd4In9,oS48,65",In3,In,Tm8,Ni4,Ni,4,Tm6,In3,,,,,,,,
1930320.cif,Co4Gd11In9,"Nd11Pd4In9,oS48,65",In3,In,Gd8,Co4,Co,4,Gd6,In3,,,,,,,,
1049952.cif,In9Pd4Tb11,"Nd11Pd4In9,oS48,65",In3,In,Tb8,Pd4,Pd,4,Tb6,In3,,,,,,,,
1237687.cif,Co4In9Sc11,"Nd11Pd4In9,oS48,65",In3,In,Sc8,Co4,Co,4,Sc6,In3,,,,,,,,
1723877.cif,Ce11In9Ni4,"Nd11Pd4In9,oS48,65",In3,In,Ce8,Ni4,Ni,4,Ce6,In3,,,,,,,,
1049951.cif,Gd11In9Pd4,"Nd11Pd4In9,oS48,65",In3,In,Gd8,Pd4,Pd,4,Gd6,In3,,,,,,,,
1350694.cif,Ho11In9Ni4,"Nd11Pd4In9,oS48,65",In3,In,Ho8,Ni4,Ni,4,Ho6,In3,,,,,,,,
1723876.cif,In9La11Ni4,"Nd11Pd4In9,oS48,65",In3,In,La8,Ni4,Ni,4,La6,In3,,,,,,,,
1229704.cif,Co4Dy11In9,"Nd11Pd4In9,oS48,65",In3,In,Dy8,Co4,Co,4,Dy6,In3,,,,,,,,
1723882.cif,Ho11In9Ni4,"Nd11Pd4In9,oS48,65",In3,In,Ho8,Ni4,Ni,4,Ho6,In3,,,,,,,,
1229702.cif,Co4Gd11In9,"Nd11Pd4In9,oS48,65",In3,In,Gd8,Co4,Co,4,Gd6,In3,,,,,,,,
1723886.cif,In9Ni4Y11,"Nd11Pd4In9,oS48,65",In3,In,Y8,Ni4,Ni,4,Y6,In3,,,,,,,,
1058474.cif,Gd11In9Ru4,"Nd11Pd4In9,oS48,65",In3,In,Gd8,Ru4,Ru,4,Gd6,In3,,,,,,,,
1350693.cif,Dy11In9Ni4,"Nd11Pd4In9,oS48,65",In3,In,Dy8,Ni4,Ni,4,Dy6,In3,,,,,,,,
1058478.cif,In9Ru4Tb11,"Nd11Pd4In9,oS48,65",In3,In,Tb8,Ru4,Ru,4,Tb6,In3,,,,,,,,
1058472.cif,In9Ru4Sm11,"Nd11Pd4In9,oS48,65",In3,In,Sm8,Ru4,Ru,4,Sm6,In3,,,,,,,,
1930321.cif,Co4In9Tb11,"Nd11Pd4In9,oS48,65",In3,In,Tb8,Co4,Co,4,Tb6,In3,,,,,,,,
1229703.cif,Co4In9Tb11,"Nd11Pd4In9,oS48,65",In3,In,Tb8,Co4,Co,4,Tb6,In3,,,,,,,,
1723885.cif,In9Lu11Ni4,"Nd11Pd4In9,oS48,65",In3,In,Lu8,Ni4,Ni,4,Lu6,In3,,,,,,,,
1123566.cif,Mg5Si6,"Mg5Si6,a,mS22,12",Si3,Si,Mg4Si4,Mg2Si2,Si,1,Mg6,Si2Mg,Si,1,Mg4Si2,Mg2Si,,,,
1123566.cif,Mg5Si6,"Mg5Si6,a,mS22,12",Mg1,Mg,Mg8,Si4,Si,2,Mg6,Si2Mg,Si,2,Mg4Si2,Mg2Si,,,,
1935126.cif,Mg5Si6,"Mg5Si6,a,mS22,12",Si3,Si,Mg4Si4,Mg2Si2,Si,1,Mg6,Si2Mg,Si,1,Mg4Si2,Mg2Si,,,,
1935126.cif,Mg5Si6,"Mg5Si6,a,mS22,12",Mg1,Mg,Mg8,Si4,Si,2,Mg6,Si2Mg,Si,2,Mg4Si2,Mg2Si,,,,
1952842.cif,Cs2HgSe2,"Cs2HgSe2,oP10,55",Hg1,Hg,Cs8,Se4,Se,4,Cs6,Hg2Se,,,,,,,,
1703882.cif,Al3B2Ru4,"Ru4Al3B2,tP18,123",Al3,Al,Ru8,B4,B,4,Ru6,Al3,,,,,,,,
1535328.cif,Al3B2Ru4,"Ru4Al3B2,tP18,123",Al1,Al,Ru8,B4,B,4,Ru6,Al3,,,,,,,,
1222394.cif,CeMgSi2,"MgCeSi2,tI32,141",Mg,Mg,Ce4Mg4,Si4,Si,4,Ce4Mg2,Mg2Si,,,,,,,,
1222396.cif,CeMgSi2,"MgCeSi2,tI32,141",Mg,Mg,Ce4Mg4,Si4,Si,4,Ce4Mg2,Mg2Si,,,,,,,,
1729086.cif,CeMgSi2,"MgCeSi2,tI32,141",Mg1,Mg,Ce4Mg4,Si4,Si,4,Ce4Mg2,Mg2Si,,,,,,,,
1904569.cif,P3Pd4Zr3,"Zr3Pd4P3,oP40,62",Pd1,Pd,Pd4Zr4,P3Zr,P,1,Zr4Pd2,Pd2Zr,P,1,Zr4Pd2,Pd2Zr,P,1,Zr4Pd2,Pd3
1904569.cif,P3Pd4Zr3,"Zr3Pd4P3,oP40,62",Pd2,Pd,Pd4P2Zr2,Zr2PPd,P,1,Zr4Pd2,Pd2Zr,,,,,,,,
1904569.cif,P3Pd4Zr3,"Zr3Pd4P3,oP40,62",Pd3,Pd,Zr4P2Pd2,Zr2PPd,P,1,Zr4Pd2,Pd3,,,,,,,,
1904569.cif,P3Pd4Zr3,"Zr3Pd4P3,oP40,62",Pd4,Pd,Zr4P2Pd2,P2Zr2,P,1,Zr4Pd2,Pd2Zr,P,1,Zr4Pd2,Pd3,,,,